brand,name
Asianpaints,SC MAXIMOPLAST PC 300
Asianpaints,Asian Paints Smart Care Maximo PC 400S
Asianpaints,SC MAXIMO PLAST PX 200-230KG
Asianpaints,SC MAXIMOPLAST PC 300
Asianpaints,SC MAXIMO PLAST PC 200
Asianpaints,SC ULTRA BLOCK 2K BLACK 12KG
Asianpaints,AP SC VITALLIA NEO 20LIT
Asianpaints,SC REPAIR POLYMER-20KG
Asianpaints,SC CR QRTZ CTG GREY 25KG
Asianpaints,ULTRON UNDER SCREED BASE 11 KG
Asianpaints,ULTRON UNDER SCREED HARDNER-9KG
Asianpaints,SC TECHNOPLAST S300
Asianpaints,SC CR QRTZ ADX OFFWHITE 25 KG
Asianpaints,SC MAXIMO PLAST PX 300-230KGS
Asianpaints,SMARTCARE PU MAGNUM US GREY 25KG
Asianpaints,SC EPOXY PRIMR CLEAR 4KG
Asianpaints,EPXY PRIMR HRDR YELLOW 4KG
Asianpaints,SC SBS WITH HDPE MEMBRANCE 101(20Mx1M)
