brand,name,description,imagePlaceholder,price
Asian Paints,SmartCare Hydroloc,"Asian Paints SmartCare Hydroloc is a high-performance negative-side waterproofing coating engineered to counteract severe rising dampness and salt efflorescence in concrete and masonry substrates. By forming a deep crystalline barrier, it prevents moisture migration and structural degradation, ensuring long-term durability for commercial and industrial assets.",https://www.asianpaints.com/content/dam/asian_paints/products/packshots/Smartcare-Hydfroloc-Xtreme.png,
Asian Paints,SmartCare Damp Proof,"Asian Paints SmartCare Damp Proof is a fiber-reinforced, elastomeric liquid waterproofing membrane applied to exterior roofs and vertical walls to bridge cracks up to 2 mm. It delivers long-term institutional value by providing exceptional hydrostatic pressure resistance and thermal insulation, significantly reducing structural degradation and lifecycle maintenance costs.",https://static.asianpaints.com/content/dam/asian_paints/products/packshots/SC-dampproof.png,
Laticrete,335 Super Flex,"Laticrete 335 Super Flex is a high-performance, polymer-modified thin-set adhesive engineered for the interior and exterior installation of large-format ceramic tile, porcelain, and stone over demanding substrates. Its advanced formulation delivers exceptional bond strength and flexibility to accommodate dynamic structural movement, mitigating long-term installation failure in high-traffic commercial environments.",https://eu.laticrete.com/-/media/db6805c42dd24815934346c768fc64b0.ashx?sc_lang=en,
SIKA,"	SIKA 127 FLEX GREY 600 ML","Sika 127 Flex Grey is a one-part, polyurethane-based elastomeric sealant designed for movement and construction joints in structural applications. It provides high elasticity and durable adhesion to concrete and masonry substrates, reducing long-term maintenance costs and extending joint lifecycles in commercial builds.",https://cdn.madoverbuildings.com/products/images/564QWI170.webp,
SIKA,"	SIKA ANTISOL A4 WHITE - 230KG","Sika Antisol A4 White is a pigmented, water-dispersed acrylic resin curing compound applied to fresh concrete surfaces to prevent premature moisture loss. It forms an efficient, moisture-retaining film that optimizes hydration, thereby maximizing structural strength and minimizing surface cracking in large-scale commercial construction projects.",https://images.jdmagicbox.com/quickquotes/images_main/sika-antisol-a4-white-230-kg-2018260653-ebjfg2dz.jpg,
SIKA,"	SIKA ANTISOL A4 WHITE 230 KGS","Sika Antisol A4 White is a water-dispersed, wax-based concrete curing compound designed to form a moisture-retaining membrane on freshly placed horizontal surfaces, thereby preventing premature water evaporation. By maximizing cement hydration and minimizing plastic shrinkage cracking, this 230 kg bulk formulation ensures optimal structural strength development and surface durability in large-scale institutional projects.",https://5.imimg.com/data5/ANDROID/Default/2024/9/453754383/JC/US/VE/114683964/product-jpeg-500x500.jpg,
SIKA,"	SIKA CHAPDUR IN -30KG","Sika Chapdur IN-30kg is a ready-to-use, non-metallic mineral dry shake hardener applied to fresh concrete floors to increase surface abrasion resistance and impact durability. This industrial-grade floor hardener significantly extends the service life of heavy-traffic concrete substrates, reducing long-term maintenance costs in warehouses and manufacturing facilities.",https://lookaside.fbsbx.com/lookaside/crawler/media/?media_id=1580169410307890&get_thumbnail=1,
SIKA,"	SIKA CONTROL 760 (Liquid Crystalline Water Proof Ad","Sika Control 760 is a liquid crystalline waterproofing admixture designed to react with cement hydration byproducts to form insoluble crystals that seal micro-cracks and capillary pores against hydrostatic pressure. By permanently reducing concrete permeability from within, this admixture mitigates the risk of moisture migration and reinforcing steel corrosion, significantly extending the service life of below-grade and water-retaining institutional structures.",https://lookaside.fbsbx.com/lookaside/crawler/media/?media_id=1214474384020770,
SIKA,"	SIKA CONTROL 777 FORMERLY MASTERPEL777 (20L)","Sika Control 777 (formerly MasterPel 777) is a liquid waterproofing admixture formulated to reduce capillary absorption and water penetration in concrete and mortar assemblies. It provides institutional value by enhancing structural durability, minimizing efflorescence, and extending the service life of below-grade and exterior masonry applications.",https://www.constructionaidltd.com/images/products/admixture/SikaControl777.png,
SIKA,"	SIKA EMACO S488 (25 Kg)","Sika Emaco S488 is a fiber-reinforced, shrinkage-compensated structural repair mortar engineered for the wet-spraying or trowel application of vertical and overhead concrete surfaces. It delivers high early and ultimate mechanical strengths, ensuring long-term load-bearing integrity and reduced lifecycle maintenance costs for heavy infrastructure and commercial construction projects.",https://cdn11.bigcommerce.com/s-6hbewubt94/images/stencil/650x650/products/246/4219/sikaemaco-488-ci--fiber-reinforced-corrosion-inhibiting-structural-repair-mortar-55-lb-bag__09783.1765086446.jpg?c=1,
SIKA,"	SIKA GROUT 214  IN (30KG)","Sika Grout 214 IN is a high-precision, non-shrink cementitious grout engineered for structural anchoring, machinery baseplate stabilization, and void filling in heavy construction. Its controlled expansion and high early strength minimize downtime, ensuring long-term load transfer and structural integrity for industrial assets.",https://store.technotrade.in/cdn/shop/files/Sika_Grout_214_INS_-_Technotrade_Associates.jpg?v=1761728767&width=844,
SIKA,"	SIKA GROUT 870 IN - 25 KG","SikaGrout 870 IN is a high-performance, shrink-compensated cementitious grout designed for precision baseplate grouting, anchor bolt fixing, and structural concrete repairs. It delivers high early and ultimate compressive strengths, ensuring reliable load transfer and long-term structural integrity in demanding industrial environments.",https://www.indconsupply.com/media/catalog/product/cache/6517c62f5899ad6aa0ba23ceb3eeff97/s/i/sika-sikagrout-212.jpg,
SIKA,"	SIKA LASTIC M 262-25KG","SikaLastic M 262 is a two-component, polymer-modified cementitious waterproofing slurry engineered for seamless application on concrete substrates, balconies, and wet areas. It provides institutional value by delivering long-term hydrostatic pressure resistance and crack-bridging capabilities, significantly reducing structural lifecycle maintenance costs.",https://sab-gate.com/web/image/product.product/1216/image_512?unique=739b4a2,
SIKA,"	SIKA MONOTOP 108 5KG","Sika MonoTop-108 is a one-component, polymer-modified cementitious mortar applied for the structural repair, patching, and resurfacing of degraded concrete elements. It delivers high mechanical strength and strong substrate adhesion, reducing long-term maintenance costs and extending the lifecycle of institutional and commercial concrete assets.",https://dynamicmedia.sika.com/adobe/assets/urn:aaid:aem:4cda6b49-3f3a-430a-b8a4-4521c78f95b7/as/ie-03-en-IE-Monotop-108-1x1-00162909.png?smartcrop=1-1&width=480&height=480,
SIKA,"	SIKA PLAST 5132 (255KGS)","Sika Plast 5132 is a high-performance polycarboxylate ether-based superplasticizer engineered for ready-mix concrete production and complex structural pours requiring extended workability retention. It delivers superior water reduction and early strength development, significantly improving operational efficiency and long-term durability for heavy commercial construction.",https://lookaside.fbsbx.com/lookaside/crawler/media/?media_id=1565814258893984,
SIKA,"	SIKA SEPAROL 101 SF 230 KG","Sika Separol-101 SF is a solvent-free concrete release agent designed for clean, rapid formwork stripping and optimized surface finishes. It prevents adhesion between concrete and form faces, thereby extending formwork lifespan and reducing site labor costs.",https://sika.scene7.com/is/image/sikacs/th-02-en-TH-Sika-Serapol-1x1-00728026:1-1?fmt=webp-alpha,
SIKA,"	SIKA TOP-109 SEAL IN(A+B=50KG)","SikaTop-109 Seal is a two-component, polymer-modified cementitious waterproofing slurry applied to concrete and masonry substrates to prevent water ingress in below-grade and retaining structures. It provides institutional asset protection by delivering seamless, durable moisture barriers that extend infrastructure lifecycles and reduce long-term maintenance costs.",https://dynamicmedia.sika.com/adobe/assets/urn:aaid:aem:56df2c84-b56f-41ed-acd8-97e5ff2c9836/as/my-02-en-MY-SikaTop-Seal-109-MY-1x1-00584607.png?smartcrop=1-1&width=480&height=480,
SIKA,"	SIKA VISCOCRETE 883 PR","Sika ViscoCrete 883 PR is a high-performance polycarboxylate ether-based superplasticizer designed for the production of high-workability and self-consolidating concrete. It delivers extended slump retention and superior water reduction, significantly improving early and ultimate compressive strengths in demanding institutional and commercial construction projects.",https://sika.scene7.com/is/image/sikacs/ie-02-en-IE-Sika-ViscoCrete-Premier-1x1-00426754:1-1?wid=480&hei=480&fit=crop%2C1,
SIKA,"	SIKACEM-135 INTERPLAST PORJECT 0.2KG","Sika Sikacem-135 Interplast is an expansive admixture designed to counteract drying shrinkage and settlement in cementitious grouts and mortars. It delivers dimensional stability for large-scale structural projects, ensuring long-term load-bearing integrity and load transfer in critical infrastructure.",https://www.yumpu.com/en/image/facebook/5084810.jpg,
SIKA,"	SIKADUR 31 IN","Sika Sikadur 31 IN is a high-strength, moisture-tolerant epoxy structural adhesive and repair mortar engineered for bonding concrete, steel, and masonry in demanding civil engineering applications. It provides institutional value by ensuring durable load transfer, crack rehabilitation, and long-term structural integrity in load-bearing elements.",https://cdn11.bigcommerce.com/s-6hbewubt94/images/stencil/1280x1280/products/677/2910/sika-sikadur-31-hi-mod-gel-3-gallon-unit__28626.1637047385.jpg?c=1,
SIKA,"	SIKADUR 32 IN - 6KG","Sika Sikadur 32 IN is a two-component, moisture-tolerant structural epoxy bonding agent designed for structural concrete joints, anchoring, and bonding fresh concrete to hardened substrates. It provides institutional value by ensuring high early and ultimate mechanical strengths, which minimizes downtime and permanently restores structural load-bearing capacity.",https://sika.scene7.com/is/image/sikacs/us-02-Sikadur-32-Hi-Mod-01-1x1-00658968:1-1?fmt=webp-alpha,
SIKA,"	SIKADUR 53 UF (A+B)","Sika Sikadur 53 UF (A+B) is a moisture-tolerant, ultra-fast curing epoxy injection resin engineered for structural crack repair and bonding in damp or dry concrete substrates. It delivers rapid strength development to minimize operational downtime and restores structural load-bearing integrity in demanding industrial environments.",https://sika.scene7.com/is/image/sikacs/uk-02-EN-GB-Sikadur-53-1x1-01430635:1-1?wid=480&hei=480&fit=crop%2C1,
SIKA,"	SIKADUR 55  LP IN(A+B=1KG)","Sikadur-55 LP IN is a low-viscosity, two-component epoxy injection resin engineered for the structural sealing of cracks and voids in concrete infrastructure. It restores structural monolithic behavior and load transfer, thereby extending the operational lifespan of deteriorated assets.",https://cpimg.tistatic.com/11490421/b/4/Sikadur-55-LP-IN.jpeg,
SIKA,"	SIKADUR 55 LP IN","Sika Sikadur-55 LP IN is a two-component, low-viscosity, moisture-tolerant epoxy injection resin engineered for structural crack repair and void filling in concrete elements. It restores structural integrity, prevents reinforcing steel corrosion, and extends the operational lifecycle of critical infrastructure.",https://lntsufin.com/storage/mediafiles/catalog/live/17453-4006/original/17453-4006_image_0.jpg,
SIKA,"	SIKAEMACO S348(25KG)","SikaEmaco S348 is a polymer-modified, shrinkage-compensated structural repair mortar designed for vertical, overhead, and horizontal concrete restoration applications. It delivers high early and ultimate mechanical strengths, ensuring long-term structural integrity and reduced lifecycle maintenance costs for institutional and civil infrastructure projects.",https://lookaside.instagram.com/seo/google_widget/crawler/?media_id=3838776657705024189,
SIKA,"	SIKAEMACOS348 FORMERLY MASTEREMACO S348 25KGS","Sika Emaco S348 is a polymer-modified, shrinkage-compensated structural mortar engineered for concrete repair and restoration applications. It delivers high early and ultimate compressive strength to reduce downtime and ensure long-term structural integrity in heavy-duty institutional environments.",https://lookaside.instagram.com/seo/google_widget/crawler/?media_id=3838776657705024189,
SIKA,"	SIKAEMACOSBR2 FORMERLY MASTEREMACOSBR2 20L","Sika Emaco SBR 2 (formerly MasterEmaco SBR 2) is a styrene-butadiene rubber latex admixture designed to improve the bonding, flexural strength, and impermeability of cementitious mortars and concrete in structural repairs. By enhancing durability and reducing permeability, this 20-liter polymer modifier extends the service life of institutional concrete infrastructure and minimizes long-term maintenance costs.",https://5.imimg.com/data5/SELLER/Default/2026/1/573581168/YT/XP/ER/53159471/sikaemaco-sbr-2-20ltr.jpeg,
SIKA,"	SIKALASTIC -11 PRIMER W",Professional construction chemical supplied by RKICS.,,
SIKA,"	SIKALASTIC-11 PRIMER W(2A+2B=10KG)","Sika Sikalastic-11 Primer W is a two-component, water-dispersed epoxy primer designed to enhance substrate adhesion for subsequent liquid-applied waterproofing membranes on porous and non-porous construction surfaces. Its application ensures long-term interlayer bond strength, reducing lifecycle maintenance costs and mitigating the risk of premature coating failure in institutional and commercial infrastructure.",https://sika.scene7.com/is/image/sikacs/us-02-Sikalastic-Primer-01-1x1-00567442:1-1?wid=480&hei=480&fit=crop%2C1,
SIKA,"	SIKAPLAST -495PR 230 KG","Sika Sikaplast-495PR is a high-performance polycarboxylate ether-based superplasticizer designed to provide extreme water reduction and extended workability retention in ready-mix concrete production. By optimizing cement dispersion, it enhances early and ultimate compressive strengths while significantly improving the durability and pumpability of structural mixes for large-scale institutional projects.",https://maxbuildcare.com/wp-content/uploads/2025/11/IMG-20251025-WA0018.jpg,
SIKA,"	SIKAPLAST 495 PR","Sika Sikaplast 495 PR is a high-performance polycarboxylate-based superplasticizer engineered for ready-mix concrete production to significantly enhance workability retention without retarding setting time. By delivering superior water reduction and early strength development, it optimizes mix designs for large-scale institutional and commercial construction projects.",https://sika.scene7.com/is/image/sikacs/us-02-SikaPronto-500-PPC-01-1x1-00576604:1-1?fmt=webp-alpha,
SIKA,"	SIKAPLAST 496 PR","Sika Sikaplast 496 PR is a high-performance polycarboxylate ether-based superplasticizer engineered for ready-mix concrete production to achieve exceptional workability retention and strength development. It delivers institutional value by reducing water-cement ratios, lowering lifecycle material costs, and enhancing the structural integrity of large-scale commercial pours.",https://sika.scene7.com/is/image/sikacs/us-02-SikaPronto-500-PPC-01-1x1-00576604:1-1?fmt=webp-alpha,
SIKA,"	SIKAPLAST PH 8954 FORMERLY MASTERPOLYHEED8954","Sika Sikaplast PH 8954 (formerly MasterPolyHeed 8954) is a high-range water-reducing admixture engineered to improve workability and early-age strength development in ready-mix concrete applications. By optimizing cement dispersion, this polycarboxylate-based formulation enables precise water reduction to lower production costs while enhancing long-term structural durability.",https://sika.scene7.com/is/image/sikacs/us-Sikalastic-M-205-04285273:1-1?fmt=webp-alpha,
SIKA,"	SIKAPLASTIMENTPH8150FORMERLYMASTERPOLYHEED8150","Sika Sikaplastiment PH 8150 (formerly MasterPolyheed 8150) is a mid-range polycarboxylate ether-based water-reducing admixture engineered for enhanced workability and controlled setting times in structural concrete applications. It optimizes cement hydration to deliver superior early and ultimate compressive strength development, reducing project timelines and material costs for institutional contractors.",https://www.buildingenclosureonline.com/ext/resources/2026/07/02/Sika(6).png?height=635&t=1782993470&width=1200,
SIKA,"	SIKASWELL-910 AP IN","SikaSwell-910 AP is a high-performance hydrophilic acrylic sealant designed to waterproof and seal construction joints, penetrations, and precast concrete elements. Its reliable expansion upon contact with water prevents moisture ingress in critical civil engineering and building structures, ensuring long-term structural integrity and reduced maintenance liability.",https://dynamicmedia.sika.com/adobe/assets/urn:aaid:aem:1f54726d-0253-4f9d-9d1a-c1e2f9bcf24c/as/us-SikaBond-910-Construction-Adhesive-Construction-05907094.png?smartcrop=1-1,
SIKA,"	SIKATOP SEAL-109 Hi Grey(A:B:20:30) 50 Kg","SikaTop Seal-109 Hi Grey is a two-component, polymer-modified cementitious waterproofing slurry designed for structural concrete protection and seamless moisture mitigation. It provides institutional asset longevity and compliance by delivering high crack-bridging capability and exceptional adhesion across demanding civil engineering substrates.",https://5.imimg.com/data5/SELLER/Default/2022/4/IP/PV/GN/55850641/sikatop-seal-109-hi-50-kg.jpg,
SIKA,"	SIKATOP-551 SEALINN PARTA FORMERLY MASTERSEAL551","Sika SikaTop-551 SealInn Part A is a cementitious, polymer-modified liquid component designed for seamless application as a waterproofing membrane in demanding civil and structural environments. It delivers institutional value by ensuring long-term structural integrity and moisture mitigation in critical infrastructure such as reservoirs, tunnels, and retaining walls.",https://cpimg.tistatic.com/12030866/b/5/Acrylic-Based-Polymer-Coating-SIKA-TOP-551-SEAL-PART-A-PART-B-15KG-5KG-.jpg,
SIKA,"	SIKATOP-551 SEALINNPARTB FORMERLY MASTERSEAL 551","Sika MonoTop-551 Sealinn Part B (formerly MasterSeal 551) is a polymer-modified liquid component designed to be mixed with cementitious powders for waterproofing concrete and masonry structures. It provides institutional value by creating a seamless, highly impermeable moisture barrier that extends asset lifecycles and prevents structural water ingress in demanding civil infrastructure.",https://cpimg.tistatic.com/12030866/b/5/Acrylic-Based-Polymer-Coating-SIKA-TOP-551-SEAL-PART-A-PART-B-15KG-5KG-.jpg,
SIKA,"	Sika Anchor Fix 3030 (AB)IN 385 MI","Sika AnchorFix-3030 is a high-performance, two-component epoxy adhesive designed for structural bolting and heavy-duty rebar doweling in cracked and uncracked concrete. It delivers exceptional load-bearing capacity and chemical resistance, ensuring long-term structural integrity and compliance with rigorous engineering standards for demanding infrastructure projects.",https://sika.scene7.com/is/image/sikacs/uk-Sika-AnchorFix-3030-01066499:1-1?wid=480&hei=480&fit=crop%2C1,
SIKA,"	Sika Control 777 Formerly Masterpel777 (25kg)",Sika Control 777 is a powdered waterproofing admixture designed to reduce capillary water absorption in structural concrete and mortar applications. It provides institutional value by enhancing long-term durability and mitigating moisture-related degradation in below-grade and exterior builds.,https://www.constructionaidltd.com/images/products/admixture/SikaControl777.png,
SIKA,"	Sika Igoiflex-301 Waterproof IN-10kg","Sika Igolflex-301 is a two-component, fiber-reinforced polyurethane-bitumen waterproofing coating designed for below-grade structures and foundations. It provides seamless, crack-bridging elastomeric protection that ensures long-term structural integrity and prevents subsurface water ingress in commercial construction projects.",https://dynamicmedia.sika.com/adobe/assets/urn:aaid:aem:3fadf9eb-514f-47f8-a366-5b426fbd57b8/as/ie-02-en-IE-Igolflex-301-1x1-00090072.png?smartcrop=1-1&width=480&height=480,
SIKA,"	Sika Injection-101 IN 5kg","Sika Injection-101 IN is a low-viscosity, fast-reacting polyurethane injection resin designed for permanent water sealing and crack-filling in concrete structures. It delivers institutional value by rapidly foaming upon contact with water to arrest active hydrostatic pressure and structurally stabilize compromised subterranean assets.",https://sika.scene7.com/is/image/sikacs/uk-02-en-gbr-sikainjection101-01-1x1-00511383:1-1?wid=480&hei=480&fit=crop%2C1,
SIKA,"	Sika Mono Top 122f-30kg","Sika MonoTop-122F is a polymer-modified, fiber-reinforced structural repair mortar designed for concrete restoration on vertical and overhead surfaces. It provides exceptional bond strength and low permeability, reducing long-term maintenance costs and ensuring structural integrity in demanding infrastructure projects.",https://5.imimg.com/data5/SELLER/Default/2024/8/443574004/BV/FI/UD/55022398/30-kg-sika-monotop-122-f-500x500.png,
SIKA,"	Sika Separol W140-210","Sika Separol W140-210 is a ready-to-use, water-based formwork release agent designed to ensure clean, high-quality stripping of concrete from various form types. It significantly extends formwork lifecycles and minimizes surface bug holes, thereby optimizing site productivity and reducing finishing costs.",https://sika.scene7.com/is/image/sikacs/th-02-en-TH-Sika-Serapol-1x1-00728026:1-1?fmt=webp-alpha,
SIKA,"	Sika Separol W140-210 Kg","Sika Separol W140 is a water-based concrete release agent engineered to ensure clean, effortless formwork removal and smooth surface finishes on construction sites. This formulation prevents concrete adhesion to molds while protecting formwork materials, ultimately extending asset lifespan and reducing operational downtime.",https://sika.scene7.com/is/image/sikacs/th-02-en-TH-Sika-Serapol-1x1-00728026:1-1?fmt=webp-alpha,
SIKA,"	Sika Sigunit L-54 AF-300kg","Sika Sigunit L-54 AF-300kg is a high-performance, alkali-free liquid set accelerator specifically engineered for wet-mix shotcrete applications in tunneling and underground mining. It delivers rapid early strength development and high ultimate capacity, ensuring structural integrity and minimized operational downtime in demanding civil engineering environments.",https://lookaside.fbsbx.com/lookaside/crawler/media/?media_id=3821378377908087,
SIKA,"	Sika Top 107 Seal Plus IN -35kg","SikaTop 107 Seal Plus IN is a polymer-modified, two-component cementitious waterproofing slurry designed for seamless application on concrete and masonry substrates. It provides institutional facilities with durable, long-term protection against hydrostatic pressure and moisture ingress, significantly reducing maintenance and structural lifecycle costs.",https://sika.scene7.com/is/image/sikacs/us-02-SikaTop-Seal-107-Bag-Jar-01-1x1-00948375:1-1?wid=480&hei=480&fit=crop%2C1,
SIKA,"	Sika Top 107 Seal Plus IN A+B -35kg","SikaTop 107 Seal Plus IN A+B is a two-component, polymer-modified cementitious waterproofing slurry engineered for concrete and masonry surfaces in structural and subterranean applications. It delivers reliable hydrostatic pressure resistance and crack-bridging capability, reducing long-term maintenance costs and protecting critical infrastructure against moisture ingress.",https://sika.scene7.com/is/image/sikacs/us-02-SikaTop-Seal-107-Bag-Jar-01-1x1-00948375:1-1?wid=480&hei=480&fit=crop%2C1,
SIKA,"	Sika Top Seal 109 Hi Grey(A:B::20:30) 50kg","SikaTop Seal-109 Hi Grey is a two-component, polymer-modified cementitious waterproofing slurry applied to concrete and mortar substrates via brush or trowel. It provides institutional asset protection by delivering high crack-bridging capability and durable hydrostatic pressure resistance for critical infrastructure.",https://lntsufin.com/storage/mediafiles/catalog/live/17141-1438/original/17141-1438_image_0.jpg,
SIKA,"	Sika Top Seal Plus IN A+B 35kg","SikaTop Seal Plus IN A+B is a two-component, polymer-modified cementitious waterproofing slurry applied to concrete and masonry substrates to prevent moisture ingress. It delivers long-term structural protection and durability for institutional and commercial construction assets, reducing lifecycle maintenance costs.",https://5.imimg.com/data5/SELLER/Default/2025/10/556014142/VY/CA/MJ/240361751/35kg-sikatop-107-seal-plus-in-waterproofing-chemical-250x250.jpg,
SIKA,"	Sika ViscoCrete-3705 Ease HD",Sika ViscoCrete-3705 Ease HD is a high-range water-reducing superplasticizer engineered for ready-mix concrete production requiring extended workability retention without delayed setting times. It delivers institutional value by maximizing compressive strength development and reducing overall cement consumption while maintaining superior pumpability in high-temperature environments.,https://5.imimg.com/data5/OT/XP/MY-11141884/sika-viscocrete.jpg,
SIKA,"	SikaMonotop-108 Water Plug IN-5kg","SikaMonotop-108 Water Plug IN is a fast-setting hydraulic mortar engineered for the immediate plugging of water leaks and seepage in concrete and masonry substrates. Its rapid-curing formulation enables structural stabilization and negative-side waterproofing under active hydrostatic pressure, minimizing downtime in critical infrastructure projects.",https://dynamicmedia.sika.com/adobe/assets/urn:aaid:aem:4cda6b49-3f3a-430a-b8a4-4521c78f95b7/as/ie-03-en-IE-Monotop-108-1x1-00162909.png?smartcrop=1-1&width=480&height=480,
SIKA,"	SikaSwellA(AE)Formerly Masterseal910AP","SikaSwell A (AE) is a hydrophilic swellable waterstop designed to seal construction joints in below-grade concrete structures against hydrostatic pressure. Its predictable volumetric expansion upon contact with water provides institutional and commercial projects with a durable, maintenance-free barrier against moisture ingress.",https://sika.scene7.com/is/image/sikacs/pe-02-es-PE-sikaswell-a-1x1-00389498:1-1?wid=480&hei=480&fit=crop%2C1,
SIKA,"	SikaTop Seal 109 IN-50kg","SikaTop Seal 109 IN is a polymer-modified, two-component cementitious waterproofing slurry applied to concrete substrates via brush or trowel for below-grade structures and balconies. It provides institutional asset protection by delivering high crack-bridging capability and exceptional resistance to hydrostatic pressure, thereby extending the lifecycle of structural concrete.",https://dynamicmedia.sika.com/adobe/assets/urn:aaid:aem:56df2c84-b56f-41ed-acd8-97e5ff2c9836/as/my-02-en-MY-SikaTop-Seal-109-MY-1x1-00584607.png?smartcrop=1-1&width=480&height=480,
SIKA,"	Sikacem-135 Interplast Project 0.2kg",SikaCem-135 Interplast is a specialized 0.2kg expansive admixture formulated for precise grout and mortar volume stabilization in structural construction projects. It prevents shrinkage cracking and ensures load-bearing integrity in demanding civil engineering applications.,,
SIKA,"	Sikadur Combiflex Adhesive-12kg","Sikadur Combiflex Adhesive-12kg is a high-performance, two-component epoxy bonding agent engineered for the reliable installation of joint sealing tapes in heavy civil engineering and infrastructure projects. It provides exceptional structural adhesion to concrete and steel substrates, ensuring long-term watertight integrity for expansion joints and critical crack repairs.",https://sika.scene7.com/is/image/sikacs/us-Sikadur-Combiflex-SG-00562463:1-1?wid=480&hei=480&fit=crop%2C1,
SIKA,"	Sikadur-32 IN (A+B)-6kg","Sikadur-32 IN is a two-component, moisture-tolerant structural epoxy bonding agent designed for structural concrete repairs and the reliable bonding of fresh concrete to hardened substrates. It provides institutional value by ensuring high early and ultimate mechanical strengths, which minimizes downtime and guarantees long-term structural integrity in load-bearing applications.",https://sika.scene7.com/is/image/sikacs/us-02-Sikadur-32-Hi-Mod-01-1x1-00658968:1-1?fmt=webp-alpha,
SIKA,"	Sikaflex-127 White","Sikaflex-127 White is a high-performance, single-component polyurethane joint sealant designed for dynamic and expansion joints in structural concrete and masonry. It delivers durable institutional value by providing superior weather resistance and movement accommodation, significantly reducing long-term maintenance and remediation costs.",https://veligaa.com/Home/Image/18154,
SIKA,"	Sikafloor-161 HC A+B-20kg","Sikafloor-161 HC is a two-component, solvent-free epoxy binder engineered for use as a primer, scratch coat, and mortar screed on concrete and cementitious substrates. It provides institutional value by delivering high mechanical and bond strength, extending the service life of industrial flooring systems in demanding environments.",https://www.constructionaidltd.com/images/products/flooring/sikafloor-161-HC.jpg,
SIKA,"	Sikagard-67 RAL 7035","Sikagard-67 RAL 7035 is a solvent-free, colored epoxy coating designed to provide durable chemical and mechanical protection for concrete and steel substrates in industrial environments. By extending maintenance cycles and offering seamless, easy-to-clean surface finishing, it reduces long-term operational downtime and lifecycle facility costs.",https://5.imimg.com/data5/SELLER/Default/2024/9/447735707/KX/JK/SH/21670931/e-500x500.png,
SIKA,"	Sikagard-67 RAL 7035 Component 2A+2B-8kg","Sikagard-67 RAL 7035 is an 8kg two-component protective coating designed for heavy-duty application on industrial concrete and steel substrates. It delivers long-term chemical and mechanical resistance, minimizing lifecycle maintenance costs for institutional and industrial infrastructure.",https://5.imimg.com/data5/SELLER/Default/2025/9/543438745/XN/XH/CF/9913245/sika-sikagard-67-2-part-epoxy-coating-food-grade-8-kg-pack-7035-light-grey-250x250.png,
SIKA,"	Sikalastic HLM 5000 RSL-25kg","Sikalastic HLM 5000 RSL-25kg is a cold-applied, moisture-cured polyurethane liquid membrane designed for seamless waterproofing of concrete decks and balconies. It provides institutional facilities with a durable, elastomeric monolithic barrier that reduces long-term maintenance costs and extends structural lifecycle.",https://dhcsupplies.s3.us-east-2.amazonaws.com/Brands/Sika/sikalastic-hlm5000-liquid-membrane.webp,
SIKA,"	Sikalastic M 262 AP Red Formerly Masterseal M262","SIKA Sikalastic M 262 AP Red (formerly Masterseal M262) is a liquid-applied, moisture-triggered polyurethane waterproofing membrane designed for seamless application on concrete substrates. It delivers long-term durability and dependable moisture protection, reducing lifecycle maintenance costs for critical institutional and commercial structures.",https://top-building.net/wp-content/uploads/2025/10/%D8%B9%D8%A7%D8%B2%D9%84-%D9%85%D8%A7%D8%A6%D9%8A-%D8%B3%D9%8A%D9%83%D8%A7%D9%84%D8%A7%D8%B3%D8%AA%D9%8A%D9%83-262.png,
SIKA,"	Sikalastic M678 Component A-200kg","Sika Sikalastic M678 Component A is a 200kg liquid resin base formulated for heavy-duty, seamless polyurethane waterproofing and roofing membrane systems. It provides institutional asset owners with long-term structural protection, high mechanical durability, and extended lifecycle performance across large-scale commercial and industrial applications.",https://sika.scene7.com/is/image/sikacs/us-Sikalastic-M-200-5gal-Pail-05804680:1-1?fmt=webp-alpha,
SIKA,"	Sikalastic M678 Component-200kg","Sikalastic M678 Component is a two-component, liquid-applied polyurethane-polyamide waterproofing membrane designed for durable, seamless application on flat roofs and exposed structures. It provides institutional asset owners with long-term weather and mechanical resistance, significantly reducing lifecycle maintenance costs.",https://dynamicmedia.sika.com/adobe/assets/urn:aaid:aem:be0f9021-b2c0-4a1d-b787-5942432b0a24/as/us-Sikalastic-M-200-5gal-Pail-05804680.png?smartcrop=1-1&width=480&height=480,
SIKA,"	Sikalastic M678 Grey Component B-220kg","Sika Sikalastic M678 Grey Component B is a 220kg liquid curing agent formulated to react with Component A in high-performance, seamless polyurethane-based waterproofing and roofing membrane systems. This institutional-grade reactive component ensures precise cross-linking for durable, elastomeric protection on large-scale commercial and industrial construction substrates.",https://www.buildingenclosureonline.com/ext/resources/2026/07/02/Sika(6).webp?t=1782993470&width=696,
SIKA,"	Sikalastic M678 Grey Component-220kg","Sikalastic M678 Grey Component is a two-part polyurethane-based liquid applied waterproofing membrane designed for seamless, high-durability roofing and structural protection. It delivers long-term asset preservation and structural integrity for large-scale commercial and industrial construction projects.",https://www.buildingenclosureonline.com/ext/resources/2026/07/02/Sika(6).webp?t=1782993470,
SIKA,"	Sikalastic M862 Component-A-10kg","Sika Sikalastic M862 Component A is a 10 kg liquid resin designed for seamless, cold-applied polyurethane waterproofing applications in heavy-duty construction. It provides institutional value by serving as a durable, crack-bridging membrane component that ensures long-term structural protection and reduces lifecycle maintenance costs for large-scale infrastructure and commercial projects.",https://lntsufin.com/storage/mediafiles/catalog/live/17556-214/original/17556-214_image_0.jpg,
SIKA,"	Sikalastic M862 Component-B-10kg","SIKA Sikalastic M862 Component B (10kg) is a liquid curing agent designed to be mixed with polyurethane-based resin systems for seamless, liquid-applied waterproofing membranes. It ensures optimal cross-linking and chemical cure rates, delivering durable, high-performance substrate protection for large-scale institutional and commercial construction projects.",https://lntsufin.com/storage/mediafiles/catalog/live/17556-214/original/17556-214_image_0.jpg,
SIKA,"	Sikalastic-10 Primer W-2kg","Sikalastic-10 Primer W is a water-based polyurethane primer engineered to enhance substrate adhesion for subsequent waterproofing membranes in commercial construction. It penetrates porous cementitious surfaces to seal capillaries and ensure long-term interfacial bond strength, reducing long-term maintenance costs and application failure risks.",https://sika.scene7.com/is/image/sikacs/us-02-Sikalastic-Primer-01-1x1-00567442:1-1?fmt=webp-alpha,
SIKA,"	Sikamacossbr2 Formerly Masteremacosbr2 20L","SikaMacoSBR 2 (formerly MasterEmaco SBR 2) is a styrene-butadiene rubber latex admixture designed for high-performance bonding slurries, modified mortars, and waterproof renders. It enhances structural integrity, chemical resistance, and mechanical adhesion in demanding civil engineering and commercial construction applications.",https://5.imimg.com/data5/SELLER/Default/2026/1/573581168/YT/XP/ER/53159471/sikaemaco-sbr-2-20ltr-500x500.jpeg,
SIKA,"	Sikaplast-1088-PR-255kg",Sika Sikaplast-1088-PR is a high-performance polycarboxylate ether-based superplasticizer designed for ready-mix concrete production to significantly enhance workability and extend slump retention. It delivers institutional value by reducing water-cement ratios for higher compressive strength while optimizing mix costs and placement efficiency in demanding structural applications.,https://sika.scene7.com/is/image/sikacs/us-sikalatex-r-white-1-gallon-main-pack-shot-05412517:1-1?wid=480&hei=480&fit=crop%2C1,
SIKA,"	Sikaplast-5132-255kg",Sika Sikaplast-5132 is a high-performance polycarboxylate ether-based superplasticizer designed for ready-mix concrete production to significantly enhance workability and water reduction. It delivers high early and ultimate compressive strengths while maintaining optimal slump retention in demanding infrastructural applications.,https://lookaside.fbsbx.com/lookaside/crawler/media/?media_id=1565814258893984,
SIKA,"	Sikaproof 312 HDPE SG IN(1.2x20m)","SikaProof® 312 HDPE SG IN is a pre-applied, fully bonded sheet waterproofing membrane designed for below-ground structural concrete protection against lateral and vertical water ingress. Its high-density polyethylene (HDPE) construction and mechanical bond to poured concrete prevent lateral water migration, mitigating long-term structural degradation and remediation risks.",,
SIKA,"	Sikaproof Sandwich Tape-100IN","SikaProof Sandwich Tape-100IN is a cold-applied, self-adhesive waterproofing tape engineered for sealing joint overlaps in SikaProof membrane systems below ground. It provides a secure, continuous moisture barrier that accelerates installation timelines while eliminating complex thermal welding in demanding subterranean environments.",https://sika.scene7.com/is/image/sikacs/us-02-sikaproof-sandwich-tape-01-1x1-00868444:1-1?wid=480&hei=480&fit=crop%2C1,
SIKA,"	Sikaproof-312HDPE GG IN","SikaProof-312 HDPE GG IN is a cold-applied, post-adhered composite waterproofing membrane system designed for below-ground structural concrete protection against lateral water migration and soil contaminants. The system provides institutional value by eliminating lateral water under-migration through a full-surface mechanical bond with freshly poured concrete, ensuring long-term asset integrity and reducing lifecycle maintenance costs.",https://lookaside.instagram.com/seo/google_widget/crawler/?media_id=3861865753372297774,
SIKA,"	Sikaproof-312HDPE GG IN(1","SikaProof®-312 HDPE GG IN is a post-applied, highly durable HDPE membrane system designed for below-ground waterproofing and structural concrete protection against moisture and aggressive ground contaminants. It delivers institutional value by creating a full-surface, mechanical bond with poured concrete that prevents lateral water migration, thereby minimizing long-term maintenance risks in critical infrastructure projects.",https://lookaside.instagram.com/seo/google_widget/crawler/?media_id=3861865753372297774,
SIKA,"	Sikaproof-315 HDPE SG IN","SikaProof®-315 HDPE SG IN is a fully bonded, cold-applied sheet membrane system designed for below-ground waterproofing and damp-proofing of reinforced concrete structures. It provides a durable, lateral water-migration barrier that protects deep foundations against aggressive ground conditions and structural compromise.",https://5.imimg.com/data5/SELLER/Default/2024/5/422505596/BQ/UD/GH/217303761/sikaproof-315-hdpe-sg-in.jpg,
SIKA,"	Sikaseal Tape F (Waterproofing)","SikaSeal Tape F is a high-performance elastomeric waterproofing tape engineered for sealing joints, corners, and pipe penetrations in commercial construction. It provides reliable, long-term defense against water ingress in critical institutional envelopes, reducing long-term maintenance liabilities and structural degradation.",https://sika.scene7.com/is/image/sikacs/in-seal-tapef-01071678:1-1?wid=480&hei=480&fit=crop%2C1,
SIKA,"	Sikatherm Faom-755 SPF Component-B-250kg","SikaTherm Foam-755 SPF Component-B is a 250kg liquid polyol component formulated to react with Component-A for continuous polyurethane spray foam insulation in commercial building envelopes. It delivers high thermal resistance and seamless air-barrier performance, reducing long-term energy consumption and HVAC loads in large-scale construction projects.",https://5.imimg.com/data5/SELLER/Default/2026/6/613911884/LJ/KP/QO/43381672/sikatherm-755-spf-liquid-applied-membrane-chemical-500x500.png,
SIKA,"	Sikatherm Foam-755 SPF 40B2 Component-A210Kg",Sika Therm Foam-755 SPF 40B2 Component-A is a 210 kg liquid polyol blend engineered for high-performance polyurethane spray foam insulation systems in commercial building envelopes. It provides institutional asset owners with superior thermal resistance and seamless air-barrier integrity to optimize long-term energy efficiency and structural compliance.,https://5.imimg.com/data5/SELLER/Default/2026/6/613911884/LJ/KP/QO/43381672/sikatherm-755-spf-liquid-applied-membrane-chemical.png,
SIKA,"	Sikatherm Foam-755 SPF Component-B 250 Kg",SikaTherm Foam-755 SPF Component-B is a 250 kg formulation designed to react with Component-A to produce high-performance polyurethane spray foam for continuous thermal insulation and air barrier systems. This institutional-grade component ensures optimal dimensional stability and energy efficiency in large-scale commercial building envelopes.,https://sika.scene7.com/is/image/sika/glo-foams-teaser2:1-1?wid=1200&hei=1200&fit=crop%2C1,
SIKA,"	Sikatop Seal-107IN (A:B::5:20)","SikaTop Seal-107IN is a two-component, polymer-modified cementitious waterproofing slurry applied via brush, roller, or trowel to concrete and masonry substrates. It provides institutional asset protection by preventing water ingress and carbonation in critical infrastructure like basements, water tanks, and balconies.",https://sika.scene7.com/is/image/sikacs/us-02-SikaTop-Seal-107-Bag-Jar-01-1x1-00948375:1-1?wid=480&hei=480&fit=crop%2C1,
SIKA,"	Sikavisco Crete 3708Ease","Sika Sikavisco Crete 3708Ease is a high-performance concrete admixture engineered to optimize workability and extend slump retention in demanding pours. By improving rheological control and reducing water demand, it lowers placement costs and enhances the structural integrity of large-scale institutional construction projects.",https://lookaside.fbsbx.com/lookaside/crawler/media/?media_id=1048518194100795,
SIKA,"	Silka Plast 1138PR-245 Kgs","SIKA Plast 1138PR-245 Kgs is a specialized concrete admixture designed to improve workability and early-stage compressive strength in large-scale structural pours. This formulation optimizes cement dispersion to reduce water-cement ratios, delivering predictable performance and structural integrity for industrial construction projects.",https://sika.scene7.com/is/image/sikacs/th-02-en-TH-Sika-Plastocrete-1x1-00476015:1-1?fmt=webp-alpha,
