id,brand,name,price,originalPrice,discount,imagePlaceholder,description,pdsLink,created_at
00244960-7d01-4984-85a9-1a93e9f79e0c,Asianpaints,SC MAXIMO PLAST PX 200-230KG,,,,https://5.imimg.com/data5/IOS/Default/2026/6/616232922/ZF/FX/NX/38979101/product-jpeg-500x500.jpeg,"Asianpaints SC MAXIMO PLAST PX (200-230KG) is a high-performance concrete admixture engineered to improve workability, cohesion, and pumpability in large-scale structural applications. It delivers superior compressive strength and long-term durability, reducing project delays and lifecycle maintenance costs for institutional construction.",,2026-09-26 03:13:05.091544+00
012751cc-1896-44b7-bb78-b4fca50ae63d,Asianpaints,SC EPOXY PRIMR CLEAR 4KG,,,,https://hinuepmgwasbnxvwwzfe.supabase.co/storage/v1/object/public/images/1790414227142-eo311g.avif,"Asianpaints SC Epoxy Primer Clear is a two-component, low-viscosity epoxy formulation designed to seal and prime concrete substrates prior to high-performance flooring applications. It delivers superior substrate penetration and bonding strength, ensuring long-term structural integrity and preventing moisture-related failures in demanding industrial environments.",,2026-09-26 03:13:05.091544+00
060b7bf8-6759-40b0-abea-2b7faec267b1,SIKA,	SIKA LASTIC M 262-25KG,,,,https://sab-gate.com/web/image/product.product/1216/image_512?unique=739b4a2,"SikaLastic M 262 is a two-component, polymer-modified cementitious waterproofing slurry engineered for seamless application on concrete substrates, balconies, and wet areas. It provides institutional value by delivering long-term hydrostatic pressure resistance and crack-bridging capabilities, significantly reducing structural lifecycle maintenance costs.",,2026-09-25 15:15:07.462178+00
08f3b23b-65fb-4df8-b9ae-1205540662ad,SIKA,	Sikaplast-5132-255kg,,,,https://lookaside.fbsbx.com/lookaside/crawler/media/?media_id=1565814258893984,Sika Sikaplast-5132 is a high-performance polycarboxylate ether-based superplasticizer designed for ready-mix concrete production to significantly enhance workability and water reduction. It delivers high early and ultimate compressive strengths while maintaining optimal slump retention in demanding infrastructural applications.,,2026-09-25 15:15:07.462178+00
0b11a2a6-acfe-450b-b708-b62efa620453,SIKA,	SIKA MONOTOP 108 5KG,,,,https://dynamicmedia.sika.com/adobe/assets/urn:aaid:aem:4cda6b49-3f3a-430a-b8a4-4521c78f95b7/as/ie-03-en-IE-Monotop-108-1x1-00162909.png?smartcrop=1-1&width=480&height=480,"Sika MonoTop-108 is a one-component, polymer-modified cementitious mortar applied for the structural repair, patching, and resurfacing of degraded concrete elements. It delivers high mechanical strength and strong substrate adhesion, reducing long-term maintenance costs and extending the lifecycle of institutional and commercial concrete assets.",,2026-09-25 15:15:07.462178+00
0d2b9645-34cb-41df-abcc-81ed8794312a,SIKA,	Sika Top Seal 109 Hi Grey(A:B::20:30) 50kg,,,,https://lntsufin.com/storage/mediafiles/catalog/live/17141-1438/original/17141-1438_image_0.jpg,"SikaTop Seal-109 Hi Grey is a two-component, polymer-modified cementitious waterproofing slurry applied to concrete and mortar substrates via brush or trowel. It provides institutional asset protection by delivering high crack-bridging capability and durable hydrostatic pressure resistance for critical infrastructure.",,2026-09-25 15:15:07.462178+00
0f94cb60-3368-4993-a5f3-45f590c2a133,Asianpaints,SC CR QRTZ ADX OFFWHITE 25 KG,,,,https://alliancechemical.com/cdn/shop/files/EA2-NYM-VZ3--organic_b6feec05-ba63-4d11-a41c-c9b8b188f607_grande.png?v=1786620640,"Asianpaints SC CR QRTZ ADX OFFWHITE 25 KG is an industrial-grade quartz-aggregate admixture engineered for heavy-duty floor hardening and surface protection in commercial construction. It delivers high compressive strength and abrasion resistance, significantly extending the service life of high-traffic concrete substrates.",,2026-09-26 03:13:05.091544+00
0feac574-239c-4e46-996c-b7756d6e8523,SIKA,	Sikaproof-312HDPE GG IN(1,,,,https://lookaside.instagram.com/seo/google_widget/crawler/?media_id=3861865753372297774,"SikaProof®-312 HDPE GG IN is a post-applied, highly durable HDPE membrane system designed for below-ground waterproofing and structural concrete protection against moisture and aggressive ground contaminants. It delivers institutional value by creating a full-surface, mechanical bond with poured concrete that prevents lateral water migration, thereby minimizing long-term maintenance risks in critical infrastructure projects.",,2026-09-25 15:15:07.462178+00
10849b46-950f-4b13-b1f2-7a85b8194fa7,SIKA,SikaTop®-551 Seal (18 KG),,,,https://hinuepmgwasbnxvwwzfe.supabase.co/storage/v1/object/public/images/1790251722612-lms6ci.webp," It is a two-component acrylic modified cementitious coating.
",https://hinuepmgwasbnxvwwzfe.supabase.co/storage/v1/object/public/pds/1790251723443-t55pv.pdf,2026-09-24 12:08:44.507276+00
11d6e4b6-e1f6-456a-bc6d-81cab7b40416,MYK Laticrete,21497 Sp-100 Off White-10kg,,,,https://me.laticrete.com/-/media/1762400d47e441da98bcec447e21a43d.ashx,"MYK Laticrete 21497 SP-100 Off-White (10kg) is a high-performance, stain-resistant epoxy grout and adhesive engineered for critical tile and stone installations in demanding commercial environments. It delivers exceptional chemical resistance and structural bond longevity, minimizing lifecycle maintenance costs for large-scale institutional projects.",,2026-09-26 02:32:39.666751+00
14128749-b117-4cee-9a04-7ab8a2d18599,SIKA,SikaGrout®-870 IN (25 KG),,,,https://hinuepmgwasbnxvwwzfe.supabase.co/storage/v1/object/public/images/1790253833890-38aet.webp,"  It is a non-shrink, natural aggregate precision grout with excellent high early and ultimate strengths.
",https://hinuepmgwasbnxvwwzfe.supabase.co/storage/v1/object/public/pds/1790251998261-wdb1u.pdf,2026-09-24 12:13:20.720408+00
1413de17-65a2-4970-96d6-98365897fcde,SIKA,	Sika Top 107 Seal Plus IN A+B -35kg,,,,https://sika.scene7.com/is/image/sikacs/us-02-SikaTop-Seal-107-Bag-Jar-01-1x1-00948375:1-1?wid=480&hei=480&fit=crop%2C1,"SikaTop 107 Seal Plus IN A+B is a two-component, polymer-modified cementitious waterproofing slurry engineered for concrete and masonry surfaces in structural and subterranean applications. It delivers reliable hydrostatic pressure resistance and crack-bridging capability, reducing long-term maintenance costs and protecting critical infrastructure against moisture ingress.",,2026-09-25 15:15:07.462178+00
17371f8e-e6a0-4193-95ec-66580e890ce7,SIKA,	Silka Plast 1138PR-245 Kgs,,,,https://sika.scene7.com/is/image/sikacs/th-02-en-TH-Sika-Plastocrete-1x1-00476015:1-1?fmt=webp-alpha,"SIKA Plast 1138PR-245 Kgs is a specialized concrete admixture designed to improve workability and early-stage compressive strength in large-scale structural pours. This formulation optimizes cement dispersion to reduce water-cement ratios, delivering predictable performance and structural integrity for industrial construction projects.",,2026-09-25 15:15:07.462178+00
1762388f-374f-4cd5-94ac-11f89a7eeb7b,SIKA,	SIKADUR 55  LP IN(A+B=1KG),,,,https://cpimg.tistatic.com/11490421/b/4/Sikadur-55-LP-IN.jpeg,"Sikadur-55 LP IN is a low-viscosity, two-component epoxy injection resin engineered for the structural sealing of cracks and voids in concrete infrastructure. It restores structural monolithic behavior and load transfer, thereby extending the operational lifespan of deteriorated assets.",,2026-09-25 15:15:07.462178+00
1dfef7fb-7345-4bca-969a-d067ea30d97d,SIKA,	SIKADUR 32 IN - 6KG,,,,https://sika.scene7.com/is/image/sikacs/us-02-Sikadur-32-Hi-Mod-01-1x1-00658968:1-1?fmt=webp-alpha,"Sika Sikadur 32 IN is a two-component, moisture-tolerant structural epoxy bonding agent designed for structural concrete joints, anchoring, and bonding fresh concrete to hardened substrates. It provides institutional value by ensuring high early and ultimate mechanical strengths, which minimizes downtime and permanently restores structural load-bearing capacity.",,2026-09-25 15:15:07.462178+00
1e685fcf-175f-48c4-8d2d-bb8a88699451,Asianpaints,SC REPAIR POLYMER-20KG,,,,https://www.asianpaints.com/content/dam/asian_paints/products/packshots/smartcare-repair-polymer-asian-paints.png,"Asianpaints SC Repair Polymer is a styrene-butadiene rubber latex admixture engineered for high-performance structural concrete repairs and waterproof bonding slurry applications. It enhances flexural strength, mortar adhesion, and chemical resistance, thereby extending the service life of degraded institutional and commercial assets.",,2026-09-26 03:13:05.091544+00
1f34ee33-63c4-4c6f-b7d1-0b608c14688f,SIKA,	Sika Top 107 Seal Plus IN -35kg,,,,https://sika.scene7.com/is/image/sikacs/us-02-SikaTop-Seal-107-Bag-Jar-01-1x1-00948375:1-1?wid=480&hei=480&fit=crop%2C1,"SikaTop 107 Seal Plus IN is a polymer-modified, two-component cementitious waterproofing slurry designed for seamless application on concrete and masonry substrates. It provides institutional facilities with durable, long-term protection against hydrostatic pressure and moisture ingress, significantly reducing maintenance and structural lifecycle costs.",,2026-09-25 15:15:07.462178+00
1ffc55d5-82dc-4b97-b56b-fbbf7a79a2fd,SIKA,	SIKAPLASTIMENTPH8150FORMERLYMASTERPOLYHEED8150,,,,https://www.buildingenclosureonline.com/ext/resources/2026/07/02/Sika(6).png?height=635&t=1782993470&width=1200,"Sika Sikaplastiment PH 8150 (formerly MasterPolyheed 8150) is a mid-range polycarboxylate ether-based water-reducing admixture engineered for enhanced workability and controlled setting times in structural concrete applications. It optimizes cement hydration to deliver superior early and ultimate compressive strength development, reducing project timelines and material costs for institutional contractors.",,2026-09-25 15:15:07.462178+00
205d10db-aa19-4ffb-b8a1-70909dfe8b50,MYK Laticrete,742 Filler Powder Platinum 3.75 Kg,,,,https://5.imimg.com/data5/SELLER/Default/2021/2/TT/RF/VJ/23637754/myk-laticrete-crete-filler-powder-500x500.png,"MYK Laticrete 742 Filler Powder Platinum (3.75 Kg) is a high-performance, polymer-modified grout designed for filling joints in ceramic tile, vitrified tile, and natural stone installations. It provides high compressive strength and chemical resistance, ensuring long-term structural integrity and minimizing maintenance costs in demanding commercial environments.",,2026-09-26 02:32:39.666751+00
2330fdae-9b97-4bd2-a83d-b17577dc2cf9,MYK Laticrete,325HF GLASS MOSAIC ADHESIVE WHITE -50KG,,,,,"MYK Laticrete 325HF Glass Mosaic Adhesive White is a high-performance, polymer-modified thin-set mortar engineered for the precise installation of translucent glass tiles and mosaics. Its bright white formulation maximizes optical aesthetics while delivering high bond strength and slip resistance, ensuring long-term structural integrity in demanding commercial environments.",,2026-09-26 02:32:39.666751+00
237ad163-03bc-44e6-b9d7-aa89c67157d8,SIKA,	Sikagard-67 RAL 7035,,,,https://5.imimg.com/data5/SELLER/Default/2024/9/447735707/KX/JK/SH/21670931/e-500x500.png,"Sikagard-67 RAL 7035 is a solvent-free, colored epoxy coating designed to provide durable chemical and mechanical protection for concrete and steel substrates in industrial environments. By extending maintenance cycles and offering seamless, easy-to-clean surface finishing, it reduces long-term operational downtime and lifecycle facility costs.",,2026-09-25 15:15:07.462178+00
244e0573-a2a2-4164-983d-864a29fc8773,MYK Laticrete,L 335 Grey-50kg,,,,https://dconstro.com/wp-content/uploads/2023/12/L-335_NEW.png,"MYK Laticrete L 335 Grey is a polymer-modified thin-set adhesive engineered for the secure installation of ceramic tiles and natural stone on vertical and horizontal cementitious substrates. It delivers high bond strength and slip resistance, reducing long-term maintenance costs and installation downtime for commercial construction projects.",,2026-09-26 02:32:39.666751+00
246b05cf-0efc-4621-983f-3419a625a671,MYK Laticrete,734-SP-100#FL-SAND STONE,,,,https://media.myklaticrete.com/mykl/2024/08/Group-1000006165-5.png,"MYK Laticrete 734-SP-100#FL-Sand Stone is a high-performance, sanded cementitious grout engineered for precision joint filling in heavy-duty commercial tile and stone installations. It delivers superior compressive strength and color consistency, minimizing maintenance downtime and ensuring long-term structural integrity in high-traffic institutional environments.",,2026-09-26 02:32:39.666751+00
26c531bb-d6f1-45e9-b0ac-c0051a5a6d82,SIKA,	Sikadur-32 IN (A+B)-6kg,,,,https://sika.scene7.com/is/image/sikacs/us-02-Sikadur-32-Hi-Mod-01-1x1-00658968:1-1?fmt=webp-alpha,"Sikadur-32 IN is a two-component, moisture-tolerant structural epoxy bonding agent designed for structural concrete repairs and the reliable bonding of fresh concrete to hardened substrates. It provides institutional value by ensuring high early and ultimate mechanical strengths, which minimizes downtime and guarantees long-term structural integrity in load-bearing applications.",,2026-09-25 15:15:07.462178+00
27eab15d-8067-4c4d-9532-d2838f66dc9e,MYK ARMENT,MYK AQUAARM C35-25KG,,,,https://mykarment.com/wp-content/uploads/2019/03/AquaArm_C-35-952x1024.jpg,"MYK AQUAARM C35-25KG is a polymer-modified, cementitious waterproofing mortar designed for positive and negative-side subterranean sealing, water tanks, and structural concrete protection. It delivers high hydrostatic pressure resistance and seamless crack-bridging capabilities, significantly reducing lifecycle maintenance costs and ensuring long-term structural integrity in commercial construction.",,2026-09-26 02:32:39.666751+00
2b2b475b-ba70-4cf0-a919-67ccab3d0083,Asianpaints,SC MAXIMO PLAST PC 200,,,,https://5.imimg.com/data5/IOS/Default/2026/6/616232922/ZF/FX/NX/38979101/product-jpeg.jpeg,"Asianpaints SC MAXIMO PLAST PC 200 is a high-performance polycarboxylate-based superplasticizer engineered for concrete and mortar modifications in large-scale construction projects. It delivers exceptional water reduction and prolonged workability retention, significantly enhancing the compressive strength and durability of structural elements without delaying setting times.",,2026-09-26 03:13:05.091544+00
2c99248d-7cf6-4889-bcdf-54ffe501957e,SIKA,	SIKADUR 53 UF (A+B),,,,https://sika.scene7.com/is/image/sikacs/uk-02-EN-GB-Sikadur-53-1x1-01430635:1-1?wid=480&hei=480&fit=crop%2C1,"Sika Sikadur 53 UF (A+B) is a moisture-tolerant, ultra-fast curing epoxy injection resin engineered for structural crack repair and bonding in damp or dry concrete substrates. It delivers rapid strength development to minimize operational downtime and restores structural load-bearing integrity in demanding industrial environments.",,2026-09-25 15:15:07.462178+00
2c9e918b-a8a7-4884-874d-7983dab3172a,MYK Laticrete,325 HFG-GLASS MOSAIC ADHESIVE#GREY(50KG),,,,https://dconstro.com/wp-content/uploads/2023/12/L-325_NEW.png,"MYK Laticrete 325 HFG-Glass Mosaic Adhesive (Grey, 50kg) is a high-performance polymer-modified adhesive engineered specifically for the secure, sag-resistant installation of glass mosaic tiles over demanding substrates. Its specialized formulation ensures superior bond strength and extended open time, maximizing installation efficiency and long-term durability in commercial and institutional projects.",,2026-09-26 02:32:39.666751+00
2ec9ea28-e287-4988-b7a8-36b3d0d436b7,Asianpaints,ULTRON UNDER SCREED HARDNER-9KG,,,,https://static.asianpaints.com/content/dam/ap-qatar-revamp/products/waterproofing/packshot/comman-pack.png,"Asianpaints ULTRON UNDER SCREED HARDNER-9KG is a specialized liquid admixture applied to sub-flooring mortar to significantly increase compressive strength and abrasion resistance. By enhancing the structural integrity and durability of heavy-duty screeds, it prevents premature dusting and cracking in high-traffic industrial and commercial environments.",,2026-09-26 03:13:05.091544+00
30450dd0-8bdd-4ec3-b23d-ec3f9deb4e1d,SIKA,	SIKA GROUT 870 IN - 25 KG,,,,https://www.indconsupply.com/media/catalog/product/cache/6517c62f5899ad6aa0ba23ceb3eeff97/s/i/sika-sikagrout-212.jpg,"SikaGrout 870 IN is a high-performance, shrink-compensated cementitious grout designed for precision baseplate grouting, anchor bolt fixing, and structural concrete repairs. It delivers high early and ultimate compressive strengths, ensuring reliable load transfer and long-term structural integrity in demanding industrial environments.",,2026-09-25 15:15:07.462178+00
343bc345-d241-4a09-90a2-e3103ef9c663,SIKA,	Sika Injection-101 IN 5kg,,,,https://sika.scene7.com/is/image/sikacs/uk-02-en-gbr-sikainjection101-01-1x1-00511383:1-1?wid=480&hei=480&fit=crop%2C1,"Sika Injection-101 IN is a low-viscosity, fast-reacting polyurethane injection resin designed for permanent water sealing and crack-filling in concrete structures. It delivers institutional value by rapidly foaming upon contact with water to arrest active hydrostatic pressure and structurally stabilize compromised subterranean assets.",,2026-09-25 15:15:07.462178+00
35a95043-b1d0-479e-bada-70fd423b13bc,SIKA,	SIKAPLAST 495 PR,,,,https://sika.scene7.com/is/image/sikacs/us-02-SikaPronto-500-PPC-01-1x1-00576604:1-1?fmt=webp-alpha,"Sika Sikaplast 495 PR is a high-performance polycarboxylate-based superplasticizer engineered for ready-mix concrete production to significantly enhance workability retention without retarding setting time. By delivering superior water reduction and early strength development, it optimizes mix designs for large-scale institutional and commercial construction projects.",,2026-09-25 15:15:07.462178+00
35ae1b1a-0abd-4b63-a32a-87ea95bca620,SIKA,	SikaTop Seal 109 IN-50kg,,,,https://dynamicmedia.sika.com/adobe/assets/urn:aaid:aem:56df2c84-b56f-41ed-acd8-97e5ff2c9836/as/my-02-en-MY-SikaTop-Seal-109-MY-1x1-00584607.png?smartcrop=1-1&width=480&height=480,"SikaTop Seal 109 IN is a polymer-modified, two-component cementitious waterproofing slurry applied to concrete substrates via brush or trowel for below-grade structures and balconies. It provides institutional asset protection by delivering high crack-bridging capability and exceptional resistance to hydrostatic pressure, thereby extending the lifecycle of structural concrete.",,2026-09-25 15:15:07.462178+00
362dd96e-89ae-41f8-a82b-1d39f90365c1,SIKA,	Sikagard-67 RAL 7035 Component 2A+2B-8kg,,,,https://5.imimg.com/data5/SELLER/Default/2025/9/543438745/XN/XH/CF/9913245/sika-sikagard-67-2-part-epoxy-coating-food-grade-8-kg-pack-7035-light-grey-250x250.png,"Sikagard-67 RAL 7035 is an 8kg two-component protective coating designed for heavy-duty application on industrial concrete and steel substrates. It delivers long-term chemical and mechanical resistance, minimizing lifecycle maintenance costs for institutional and industrial infrastructure.",,2026-09-25 15:15:07.462178+00
36fce21d-d4a7-42fe-88f1-bc57c1e50f45,SIKA,	SIKATOP SEAL-109 Hi Grey(A:B:20:30) 50 Kg,,,,https://5.imimg.com/data5/SELLER/Default/2022/4/IP/PV/GN/55850641/sikatop-seal-109-hi-50-kg.jpg,"SikaTop Seal-109 Hi Grey is a two-component, polymer-modified cementitious waterproofing slurry designed for structural concrete protection and seamless moisture mitigation. It provides institutional asset longevity and compliance by delivering high crack-bridging capability and exceptional adhesion across demanding civil engineering substrates.",,2026-09-25 15:15:07.462178+00
38d435df-410a-4ae6-afda-b57a22439957,MYK ARMENT,AquaArm Raftbond (1.2mmx1.2mx20m),,,,https://mykarment.com/wp-content/uploads/2019/03/AquaArm_1K-952x1024.jpg,"AquaArm Raftbond is a 1.2mm x 1.2m x 20m pre-applied waterproofing membrane engineered for horizontal below-grade raft foundations and structural slabs. It provides continuous mechanical bonding to poured concrete, preventing lateral water migration and enhancing structural durability in demanding subterranean environments.",,2026-09-26 02:32:39.666751+00
3a84d52b-8d2b-42f0-91bc-9e517340af33,SIKA,	Sikalastic-10 Primer W-2kg,,,,https://sika.scene7.com/is/image/sikacs/us-02-Sikalastic-Primer-01-1x1-00567442:1-1?fmt=webp-alpha,"Sikalastic-10 Primer W is a water-based polyurethane primer engineered to enhance substrate adhesion for subsequent waterproofing membranes in commercial construction. It penetrates porous cementitious surfaces to seal capillaries and ensure long-term interfacial bond strength, reducing long-term maintenance costs and application failure risks.",,2026-09-25 15:15:07.462178+00
3aae45e4-8aa8-4de4-b608-5380e433d889,SIKA,	Sikalastic HLM 5000 RSL-25kg,,,,https://dhcsupplies.s3.us-east-2.amazonaws.com/Brands/Sika/sikalastic-hlm5000-liquid-membrane.webp,"Sikalastic HLM 5000 RSL-25kg is a cold-applied, moisture-cured polyurethane liquid membrane designed for seamless waterproofing of concrete decks and balconies. It provides institutional facilities with a durable, elastomeric monolithic barrier that reduces long-term maintenance costs and extends structural lifecycle.",,2026-09-25 15:15:07.462178+00
41f78da1-57b1-4a39-9cd8-5434b927c99b,SIKA,	Sikatherm Foam-755 SPF 40B2 Component-A210Kg,,,,https://5.imimg.com/data5/SELLER/Default/2026/6/613911884/LJ/KP/QO/43381672/sikatherm-755-spf-liquid-applied-membrane-chemical.png,Sika Therm Foam-755 SPF 40B2 Component-A is a 210 kg liquid polyol blend engineered for high-performance polyurethane spray foam insulation systems in commercial building envelopes. It provides institutional asset owners with superior thermal resistance and seamless air-barrier integrity to optimize long-term energy efficiency and structural compliance.,,2026-09-25 15:15:07.462178+00
420d2b0d-7bc7-4e86-b6bb-3219c98f683c,MYK Laticrete,789 Filler Powder Sm Gray 3.75kg,,,,,"MYK Laticrete 789 Filler Powder Sm Gray (3.75kg) is a high-performance, polymer-modified joint filler designed for commercial tile and stone installations. It provides durable, crack-resistant joints that withstand heavy institutional traffic and moisture exposure, ensuring long-term structural integrity and minimal maintenance costs.",,2026-09-26 02:32:39.666751+00
438c50d8-ef0c-44bf-9a8b-6e9ca1a8e900,SIKA,	SIKATOP-551 SEALINN PARTA FORMERLY MASTERSEAL551,,,,https://cpimg.tistatic.com/12030866/b/5/Acrylic-Based-Polymer-Coating-SIKA-TOP-551-SEAL-PART-A-PART-B-15KG-5KG-.jpg,"Sika SikaTop-551 SealInn Part A is a cementitious, polymer-modified liquid component designed for seamless application as a waterproofing membrane in demanding civil and structural environments. It delivers institutional value by ensuring long-term structural integrity and moisture mitigation in critical infrastructure such as reservoirs, tunnels, and retaining walls.",,2026-09-25 15:15:07.462178+00
443c1ce1-a698-4045-8547-a01f5c6ce47a,SIKA,	SikaMonotop-108 Water Plug IN-5kg,,,,https://dynamicmedia.sika.com/adobe/assets/urn:aaid:aem:4cda6b49-3f3a-430a-b8a4-4521c78f95b7/as/ie-03-en-IE-Monotop-108-1x1-00162909.png?smartcrop=1-1&width=480&height=480,"SikaMonotop-108 Water Plug IN is a fast-setting hydraulic mortar engineered for the immediate plugging of water leaks and seepage in concrete and masonry substrates. Its rapid-curing formulation enables structural stabilization and negative-side waterproofing under active hydrostatic pressure, minimizing downtime in critical infrastructure projects.",,2026-09-25 15:15:07.462178+00
4724904e-ea32-4e20-ac43-5fd524740136,SIKA,	SIKACEM-135 INTERPLAST PORJECT 0.2KG,,,,https://www.yumpu.com/en/image/facebook/5084810.jpg,"Sika Sikacem-135 Interplast is an expansive admixture designed to counteract drying shrinkage and settlement in cementitious grouts and mortars. It delivers dimensional stability for large-scale structural projects, ensuring long-term load-bearing integrity and load transfer in critical infrastructure.",,2026-09-25 15:15:07.462178+00
47a5e18c-af52-4969-be74-bfa0b6282524,SIKA,	SIKA ANTISOL A4 WHITE - 230KG,,,,https://images.jdmagicbox.com/quickquotes/images_main/sika-antisol-a4-white-230-kg-2018260653-ebjfg2dz.jpg,"Sika Antisol A4 White is a pigmented, water-dispersed acrylic resin curing compound applied to fresh concrete surfaces to prevent premature moisture loss. It forms an efficient, moisture-retaining film that optimizes hydration, thereby maximizing structural strength and minimizing surface cracking in large-scale commercial construction projects.",,2026-09-25 15:15:07.462178+00
494447ea-1188-4586-8119-c129d2c46dda,SIKA,	SIKAPLAST 496 PR,,,,https://sika.scene7.com/is/image/sikacs/us-02-SikaPronto-500-PPC-01-1x1-00576604:1-1?fmt=webp-alpha,"Sika Sikaplast 496 PR is a high-performance polycarboxylate ether-based superplasticizer engineered for ready-mix concrete production to achieve exceptional workability retention and strength development. It delivers institutional value by reducing water-cement ratios, lowering lifecycle material costs, and enhancing the structural integrity of large-scale commercial pours.",,2026-09-25 15:15:07.462178+00
4c809bbf-ab13-46d4-accf-70c25ae3d666,SIKA,	Sikavisco Crete 3708Ease,,,,https://lookaside.fbsbx.com/lookaside/crawler/media/?media_id=1048518194100795,"Sika Sikavisco Crete 3708Ease is a high-performance concrete admixture engineered to optimize workability and extend slump retention in demanding pours. By improving rheological control and reducing water demand, it lowers placement costs and enhances the structural integrity of large-scale institutional construction projects.",,2026-09-25 15:15:07.462178+00
4edaa783-0494-4f54-8309-8424e9d53fd5,FOSROC,NITOBOND AR ( 25L),,,,https://www.fosroc.com.au/sites/default/files/product_images/b9b9aa082e240392e4edd1d153d5accc.jpg,"Fosroc Nitobond AR is a single-component, acrylic emulsion-based bonding agent designed to structurally key cementitious repair mortars and screeds to concrete substrates. It enhances flexural strength, reduces permeability, and provides durable interfacial adhesion for commercial and infrastructure rehabilitation projects.",,2026-09-30 02:12:44.239819+00
4ef3656a-d5e2-4762-b314-9f9b2dda3611,MYK Laticrete,L325 SHEAR WALL ADHESIVE GREY -50KG,,,,https://images.jdmagicbox.com/quickquotes/images_main/myk-laticrete-tile-adhesive-02-11-2023-13-272691621-h6d5lvt5.png,"MYK Laticrete L325 Shear Wall Adhesive Grey is a high-strength polymer-modified mortar specifically formulated for bonding structural wall panels and heavy tiles in demanding vertical applications. This 50kg industrial-grade adhesive ensures superior load-bearing capacity and long-term structural integrity, significantly reducing installation downtime for commercial construction projects.",,2026-09-26 02:32:39.666751+00
5172b4db-2e74-418b-9509-f463e396980f,SIKA,Sika® Igolflex®-301 IN (10 KG),,,,https://hinuepmgwasbnxvwwzfe.supabase.co/storage/v1/object/public/images/1790252069779-81tvzr.jfif,"It is a one component,elastomeric, resin based liquid-applied membrane for waterproofing various types of horizontal and vertical surfaces",https://hinuepmgwasbnxvwwzfe.supabase.co/storage/v1/object/public/pds/1790252070332-971yt.pdf,2026-09-24 12:14:32.268907+00
51f944d6-77d6-407a-badf-9e8b6de5f45a,FOSROC,CONBEXTRA GP2(25KG),,,,https://bizimages.withfloats.com/actual/68cbb234a72b99b0b2b2253a.jpg,"Fosroc Conbextra GP2 is a high-flow, non-shrink cementitious grout designed for structural anchoring, baseplate grouting, and bearing pad applications. It provides high early and ultimate compressive strength, ensuring critical load transfer and long-term structural integrity in demanding institutional and industrial environments.",,2026-09-30 02:12:44.239819+00
5273aad0-892e-45b3-aa23-d5bd4e742d07,SIKA,	Sika ViscoCrete-3705 Ease HD,,,,https://5.imimg.com/data5/OT/XP/MY-11141884/sika-viscocrete.jpg,Sika ViscoCrete-3705 Ease HD is a high-range water-reducing superplasticizer engineered for ready-mix concrete production requiring extended workability retention without delayed setting times. It delivers institutional value by maximizing compressive strength development and reducing overall cement consumption while maintaining superior pumpability in high-temperature environments.,,2026-09-25 15:15:07.462178+00
52bde928-a0eb-4a9f-b3ba-d4142374b964,FOSROC,CONPLAST WL (20 LTR),,,,https://5.imimg.com/data5/SELLER/Default/2023/10/356341261/UA/PS/LH/8649536/conplast-wl-xtra.jpeg,"Fosroc Conplast WL is a liquid waterproofing admixture formulated to reduce permeability and enhance water resistance in mass concrete and cement mortars. It improves workability while minimizing shrinkage, ensuring long-term structural integrity and lower maintenance costs in below-grade and water-retaining institutional applications.",,2026-09-30 02:12:44.239819+00
55197301-d55f-4b76-8f87-155a1cdc49e6,SIKA,	Sikaflex-127 White,,,,https://veligaa.com/Home/Image/18154,"Sikaflex-127 White is a high-performance, single-component polyurethane joint sealant designed for dynamic and expansion joints in structural concrete and masonry. It delivers durable institutional value by providing superior weather resistance and movement accommodation, significantly reducing long-term maintenance and remediation costs.",,2026-09-25 15:15:07.462178+00
5845c45c-a35c-473a-a435-faf2cea3defc,SIKA,	Sikalastic M862 Component-A-10kg,,,,https://lntsufin.com/storage/mediafiles/catalog/live/17556-214/original/17556-214_image_0.jpg,"Sika Sikalastic M862 Component A is a 10 kg liquid resin designed for seamless, cold-applied polyurethane waterproofing applications in heavy-duty construction. It provides institutional value by serving as a durable, crack-bridging membrane component that ensures long-term structural protection and reduces lifecycle maintenance costs for large-scale infrastructure and commercial projects.",,2026-09-25 15:15:07.462178+00
5b40a589-9e48-4eb6-b0b9-7067e5e5c1f5,SIKA,	SIKAEMACO S348(25KG),,,,https://lookaside.instagram.com/seo/google_widget/crawler/?media_id=3838776657705024189,"SikaEmaco S348 is a polymer-modified, shrinkage-compensated structural repair mortar designed for vertical, overhead, and horizontal concrete restoration applications. It delivers high early and ultimate mechanical strengths, ensuring long-term structural integrity and reduced lifecycle maintenance costs for institutional and civil infrastructure projects.",,2026-09-25 15:15:07.462178+00
5b45cbda-36c7-4461-bcfb-b3e9e42132f0,SIKA,	SIKASWELL-910 AP IN,,,,https://dynamicmedia.sika.com/adobe/assets/urn:aaid:aem:1f54726d-0253-4f9d-9d1a-c1e2f9bcf24c/as/us-SikaBond-910-Construction-Adhesive-Construction-05907094.png?smartcrop=1-1,"SikaSwell-910 AP is a high-performance hydrophilic acrylic sealant designed to waterproof and seal construction joints, penetrations, and precast concrete elements. Its reliable expansion upon contact with water prevents moisture ingress in critical civil engineering and building structures, ensuring long-term structural integrity and reduced maintenance liability.",,2026-09-25 15:15:07.462178+00
5d7f340b-a6ff-440d-9e6c-8c1411092b3c,SIKA,	Sikacem-135 Interplast Project 0.2kg,,,,,SikaCem-135 Interplast is a specialized 0.2kg expansive admixture formulated for precise grout and mortar volume stabilization in structural construction projects. It prevents shrinkage cracking and ensures load-bearing integrity in demanding civil engineering applications.,,2026-09-25 15:15:07.462178+00
5e422735-8498-47c6-adf5-0856db65d047,MYK Laticrete,778 Filler Powder Sterling Silver 3.75 Kg,,,,https://builderssupply.in/uploads/master/product/products/P2425-0000039/gallery/56c2524d863247ef139b6ecdacbb3fb2.jpg,"MYK Laticrete 778 Filler Powder Sterling Silver is a high-performance, polymer-modified joint filler designed for commercial tile and stone installations. It provides high-strength, stain-resistant grouting that minimizes maintenance downtime and ensures long-term structural integrity in high-traffic institutional environments.",,2026-09-26 02:32:39.666751+00
5ebea59d-138d-45ad-96d6-029953e8804c,Asianpaints,SC SBS WITH HDPE MEMBRANCE 101(20Mx1M),,,,https://5.imimg.com/data5/SELLER/Default/2025/3/493369273/SV/BR/ZK/29232216/asian-sc-sbs-with-hdpe-membrane-101-20m1m1-5m-500x500.jpg,"This prefabricated SBS-modified bituminous waterproofing membrane, laminated with a high-density polyethylene (HDPE) film, is designed for the seamless below-grade and horizontal concrete protection of institutional structures. Engineered for high tensile strength and thermal stability, it delivers a durable, puncture-resistant barrier that mitigates structural moisture ingress in heavy civil applications.",,2026-09-26 03:13:05.091544+00
60efbd21-0f3c-403e-b993-0f2c6b18b1f3,SIKA,	Sikafloor-161 HC A+B-20kg,,,,https://www.constructionaidltd.com/images/products/flooring/sikafloor-161-HC.jpg,"Sikafloor-161 HC is a two-component, solvent-free epoxy binder engineered for use as a primer, scratch coat, and mortar screed on concrete and cementitious substrates. It provides institutional value by delivering high mechanical and bond strength, extending the service life of industrial flooring systems in demanding environments.",,2026-09-25 15:15:07.462178+00
62971d60-2796-424d-b130-bd22eb8a8f28,SIKA,	SIKA CONTROL 760 (Liquid Crystalline Water Proof Ad,,,,https://lookaside.fbsbx.com/lookaside/crawler/media/?media_id=1214474384020770,"Sika Control 760 is a liquid crystalline waterproofing admixture designed to react with cement hydration byproducts to form insoluble crystals that seal micro-cracks and capillary pores against hydrostatic pressure. By permanently reducing concrete permeability from within, this admixture mitigates the risk of moisture migration and reinforcing steel corrosion, significantly extending the service life of below-grade and water-retaining institutional structures.",,2026-09-25 15:15:07.462178+00
64026dd6-89b2-40d9-80cb-4f3656ab1059,SIKA,	SIKA PLAST 5132 (255KGS),,,,https://lookaside.fbsbx.com/lookaside/crawler/media/?media_id=1565814258893984,"Sika Plast 5132 is a high-performance polycarboxylate ether-based superplasticizer engineered for ready-mix concrete production and complex structural pours requiring extended workability retention. It delivers superior water reduction and early strength development, significantly improving operational efficiency and long-term durability for heavy commercial construction.",,2026-09-25 15:15:07.462178+00
647575e4-1275-4f63-b372-b7c842464f38,MYK ARMENT,FLOARM PRIMER PUDC-8KG,,,,https://mykarment.com/wp-content/uploads/2019/01/FloArm-Primer-PU-1024x985.jpg,"MYK Arment’s FLOARM PRIMER PUDC-8KG is a polyurethane-based, two-component primer engineered to enhance substrate adhesion and seal concrete surfaces prior to the application of heavy-duty flooring systems. By preventing moisture-related bond failures and strengthening the underlying substrate, it ensures the long-term structural integrity and durability of industrial and commercial flooring installations.",,2026-09-26 02:32:39.666751+00
64a7cc23-215c-4f22-b652-107e629ecaa2,MYK Laticrete,SP100AB-Resin Kit-5kg,,,,https://cdn.shopify.com/s/files/1/0872/6095/4939/files/1_MYK_Laticrete_sp100_Resin_Hardener_Bucket_main_1.webp?v=1779954523,"MYK Laticrete SP100AB-Resin Kit (5kg) is a high-performance, stain-resistant epoxy grout designed for chemical- and acid-resistant joint filling in commercial and industrial tile installations. It ensures long-term structural integrity and minimal maintenance in high-hygiene environments like healthcare facilities, institutional kitchens, and manufacturing plants.",,2026-09-26 02:32:39.666751+00
6525444b-1328-42a6-acb2-34ac3c0d123b,Asianpaints,AP SC VITALLIA NEO 20LIT,,,,https://hanumanbuilders.com/wp-content/uploads/2024/05/20L-ASIAN-PAINTS-NEO-20-Litre-Waterproofing-Chemical.jpg,"Asianpaints AP SC VITALLIA NEO is a high-performance architectural coating formulated for superior substrate protection and long-term exterior durability. Designed for large-scale commercial and industrial applications, it reduces lifecycle maintenance costs while ensuring excellent weather resistance and aesthetic retention.",,2026-09-26 03:13:05.091544+00
6979492a-7009-439e-8158-c0a14041b935,SIKA,	SIKA GROUT 214  IN (30KG),,,,https://store.technotrade.in/cdn/shop/files/Sika_Grout_214_INS_-_Technotrade_Associates.jpg?v=1761728767&width=844,"Sika Grout 214 IN is a high-precision, non-shrink cementitious grout engineered for structural anchoring, machinery baseplate stabilization, and void filling in heavy construction. Its controlled expansion and high early strength minimize downtime, ensuring long-term load transfer and structural integrity for industrial assets.",,2026-09-25 15:15:07.462178+00
6a6aee7c-4df2-4366-a2ac-f35d5da18733,SIKA,	Sikalastic M678 Grey Component B-220kg,,,,https://www.buildingenclosureonline.com/ext/resources/2026/07/02/Sika(6).webp?t=1782993470&width=696,"Sika Sikalastic M678 Grey Component B is a 220kg liquid curing agent formulated to react with Component A in high-performance, seamless polyurethane-based waterproofing and roofing membrane systems. This institutional-grade reactive component ensures precise cross-linking for durable, elastomeric protection on large-scale commercial and industrial construction substrates.",,2026-09-25 15:15:07.462178+00
6cc2d7d2-aff2-48ad-a3f4-843cd6276bc5,SIKA,	Sikalastic M678 Component-200kg,,,,https://dynamicmedia.sika.com/adobe/assets/urn:aaid:aem:be0f9021-b2c0-4a1d-b787-5942432b0a24/as/us-Sikalastic-M-200-5gal-Pail-05804680.png?smartcrop=1-1&width=480&height=480,"Sikalastic M678 Component is a two-component, liquid-applied polyurethane-polyamide waterproofing membrane designed for durable, seamless application on flat roofs and exposed structures. It provides institutional asset owners with long-term weather and mechanical resistance, significantly reducing lifecycle maintenance costs.",,2026-09-25 15:15:07.462178+00
766a14cc-3342-45a8-ac2f-70e5e3ee50c9,MYK ARMENT,Aqua Arm 2C-P 25kgs,,,,https://mykarment.com/wp-content/uploads/2019/03/AquaArm-2C-1024x1024.jpg,"MYK Arment Aqua Arm 2C-P (25 kg) is a two-component, polymer-modified cementitious waterproofing coating applied to concrete and masonry substrates to prevent water ingress. It provides institutional value by delivering durable, seamless moisture barriers that protect structural integrity, reduce long-term maintenance costs, and extend asset lifespans in critical infrastructure projects.",,2026-09-26 02:32:39.666751+00
7a497522-ce5a-47a0-8048-ece8dec1caa9,Asianpaints,SC CR QRTZ CTG GREY 25KG,,,,https://static.asianpaints.com/content/dam/professionals/products/thumbnails/Packshot%20-%20SmartCare%20Crystalline%20Waterproofing.png,"This two-component, quartz-filled cementitious coating provides robust chemical and abrasion resistance for industrial concrete substrates. Engineered for heavy-duty institutional flooring, it delivers a durable, seamless grey finish that withstands aggressive industrial environments and high-load traffic.",,2026-09-26 03:13:05.091544+00
7a6039d6-9080-4955-b4fc-08b2900f85a0,Asianpaints,EPXY PRIMR HRDR YELLOW 4KG,,,,https://services.ibo.com/media/v1/products/images/4815023f-58f9-417e-b12d-50c0fabfa893/asian-paints-trucare-high-performance-yellow-4-l-metal-primer-0.webp?c_type=C3,This two-component epoxy primer hardener is formulated for industrial concrete and metallic substrates to enhance chemical resistance and coating adhesion in heavy-duty environments. It provides institutional asset protection by extending the lifecycle of protective coating systems under aggressive service conditions.,,2026-09-26 03:13:05.091544+00
7ba9cd99-314d-472a-a620-d09f20e60e64,SIKA,SikaControl®-777 (20 Ltr),,,,https://hinuepmgwasbnxvwwzfe.supabase.co/storage/v1/object/public/images/1790251460423-5p5iiq.png," Liquid admixture designed specifically to allow superior workability in concrete / mortar mixes with reduced water and also achieve high resistance to water ingress.",https://hinuepmgwasbnxvwwzfe.supabase.co/storage/v1/object/public/pds/1790251461676-ahsx9m.pdf,2026-09-24 12:04:22.454628+00
7dd8551d-2005-4f01-8f38-a1c28a54c03a,SIKA,	SIKA EMACO S488 (25 Kg),,,,https://cdn11.bigcommerce.com/s-6hbewubt94/images/stencil/650x650/products/246/4219/sikaemaco-488-ci--fiber-reinforced-corrosion-inhibiting-structural-repair-mortar-55-lb-bag__09783.1765086446.jpg?c=1,"Sika Emaco S488 is a fiber-reinforced, shrinkage-compensated structural repair mortar engineered for the wet-spraying or trowel application of vertical and overhead concrete surfaces. It delivers high early and ultimate mechanical strengths, ensuring long-term load-bearing integrity and reduced lifecycle maintenance costs for heavy infrastructure and commercial construction projects.",,2026-09-25 15:15:07.462178+00
7ef0105e-8e33-475e-96e0-63ab94369efe,MYK ARMENT,SealArm Waterbar RS800-25RMT,,,,https://mykarment.com/wp-content/uploads/2020/02/SealArm-EMS_COMP-1024x1009.jpg,"MYK ARMENT SealArm Waterbar RS800-25RMT is a heavy-duty PVC waterstop designed to effectively seal expansion and construction joints in critical below-grade and retaining structures against hydrostatic pressure. Its robust elastomeric profile accommodates high structural movement and differential settlement, ensuring long-term watertight integrity for large-scale institutional and civil engineering projects.",,2026-09-26 02:32:39.666751+00
7fb0d82f-b7d5-452f-9226-a4c2d5a4ed6a,SIKA,	SIKALASTIC-11 PRIMER W(2A+2B=10KG),,,,https://sika.scene7.com/is/image/sikacs/us-02-Sikalastic-Primer-01-1x1-00567442:1-1?wid=480&hei=480&fit=crop%2C1,"Sika Sikalastic-11 Primer W is a two-component, water-dispersed epoxy primer designed to enhance substrate adhesion for subsequent liquid-applied waterproofing membranes on porous and non-porous construction surfaces. Its application ensures long-term interlayer bond strength, reducing lifecycle maintenance costs and mitigating the risk of premature coating failure in institutional and commercial infrastructure.",,2026-09-25 15:15:07.462178+00
82a6ecdf-338e-44f9-9db5-1930d2774e50,MYK Laticrete,751-SP-100#BUFF-10KG,,,,https://5.imimg.com/data5/SELLER/Default/2024/3/397166423/GG/IX/DY/36327027/1-main.png,"MYK Laticrete 751-SP is a high-performance, stain-resistant sanded grout engineered for commercial tile and stone installations subject to heavy foot traffic and chemical exposure. It delivers superior compressive strength and color consistency in a 10 kg buff formulation, minimizing lifecycle maintenance costs for institutional facilities.",,2026-09-26 02:32:39.666751+00
8474991a-96df-4849-aa75-635e9148dfca,SIKA,	Sikalastic M862 Component-B-10kg,,,,https://lntsufin.com/storage/mediafiles/catalog/live/17556-214/original/17556-214_image_0.jpg,"SIKA Sikalastic M862 Component B (10kg) is a liquid curing agent designed to be mixed with polyurethane-based resin systems for seamless, liquid-applied waterproofing membranes. It ensures optimal cross-linking and chemical cure rates, delivering durable, high-performance substrate protection for large-scale institutional and commercial construction projects.",,2026-09-25 15:15:07.462178+00
849413f5-2a7a-4f59-946a-1a365aa35c0c,SIKA,	SikaSwellA(AE)Formerly Masterseal910AP,,,,https://sika.scene7.com/is/image/sikacs/pe-02-es-PE-sikaswell-a-1x1-00389498:1-1?wid=480&hei=480&fit=crop%2C1,"SikaSwell A (AE) is a hydrophilic swellable waterstop designed to seal construction joints in below-grade concrete structures against hydrostatic pressure. Its predictable volumetric expansion upon contact with water provides institutional and commercial projects with a durable, maintenance-free barrier against moisture ingress.",,2026-09-25 15:15:07.462178+00
855d88b2-32a9-400c-a582-d06000588034,Asianpaints,Asian Paints Smart Care Maximo PC 400S,,,,https://lntsufin.com/storage/mediafiles/catalog/live/17307-942/original/17307-942_image_0.jpg,"Asian Paints Smart Care Maximo PC 400S is a high-performance polycarboxylate ether-based superplasticizer engineered for concrete modification and water reduction in large-scale infrastructure projects. It delivers superior compressive strength development and exceptional workability retention, significantly reducing cement permeability and lifecycle maintenance costs for institutional builders.",,2026-09-26 03:13:05.091544+00
85bd4b92-726e-4733-a0ca-1e7ee2cea701,Asianpaints,SC TECHNOPLAST S300,,,,https://5.imimg.com/data5/SELLER/Default/2025/9/546020160/XP/TG/PF/59630021/asian-paint-maximo-plast-pc200-500x500.jpeg,"Asianpaints SC TECHNOPLAST S300 is a high-performance superplasticizer designed for concrete and mortar modification to significantly enhance workability and early-age compressive strength. By optimizing water-cement ratios, this admixture ensures superior structural durability and reduces long-term maintenance costs in large-scale commercial construction.",,2026-09-26 03:13:05.091544+00
8874b7b3-6550-49e9-9b44-933e9d00dbf7,SIKA,	Sika Sigunit L-54 AF-300kg,,,,https://lookaside.fbsbx.com/lookaside/crawler/media/?media_id=3821378377908087,"Sika Sigunit L-54 AF-300kg is a high-performance, alkali-free liquid set accelerator specifically engineered for wet-mix shotcrete applications in tunneling and underground mining. It delivers rapid early strength development and high ultimate capacity, ensuring structural integrity and minimized operational downtime in demanding civil engineering environments.",,2026-09-25 15:15:07.462178+00
89a5e7bd-02f5-46ff-8356-820fa8306ae0,SIKA,	Sikalastic M 262 AP Red Formerly Masterseal M262,,,,https://top-building.net/wp-content/uploads/2025/10/%D8%B9%D8%A7%D8%B2%D9%84-%D9%85%D8%A7%D8%A6%D9%8A-%D8%B3%D9%8A%D9%83%D8%A7%D9%84%D8%A7%D8%B3%D8%AA%D9%8A%D9%83-262.png,"SIKA Sikalastic M 262 AP Red (formerly Masterseal M262) is a liquid-applied, moisture-triggered polyurethane waterproofing membrane designed for seamless application on concrete substrates. It delivers long-term durability and dependable moisture protection, reducing lifecycle maintenance costs for critical institutional and commercial structures.",,2026-09-25 15:15:07.462178+00
8a1cc806-8d08-42c4-b9b2-31f812e77c89,SIKA,	SIKA 127 FLEX GREY 600 ML,,,,https://cdn.madoverbuildings.com/products/images/564QWI170.webp,"Sika 127 Flex Grey is a one-part, polyurethane-based elastomeric sealant designed for movement and construction joints in structural applications. It provides high elasticity and durable adhesion to concrete and masonry substrates, reducing long-term maintenance costs and extending joint lifecycles in commercial builds.",,2026-09-25 15:15:07.462178+00
8e3c61ee-8294-4bc6-ab73-413a5ab15485,SIKA,	SIKA TOP-109 SEAL IN(A+B=50KG),,,,https://dynamicmedia.sika.com/adobe/assets/urn:aaid:aem:56df2c84-b56f-41ed-acd8-97e5ff2c9836/as/my-02-en-MY-SikaTop-Seal-109-MY-1x1-00584607.png?smartcrop=1-1&width=480&height=480,"SikaTop-109 Seal is a two-component, polymer-modified cementitious waterproofing slurry applied to concrete and masonry substrates to prevent water ingress in below-grade and retaining structures. It provides institutional asset protection by delivering seamless, durable moisture barriers that extend infrastructure lifecycles and reduce long-term maintenance costs.",,2026-09-25 15:15:07.462178+00
8e417934-ec93-469f-b2ab-00756f879bdb,SIKA,	Sika Anchor Fix 3030 (AB)IN 385 MI,,,,https://sika.scene7.com/is/image/sikacs/uk-Sika-AnchorFix-3030-01066499:1-1?wid=480&hei=480&fit=crop%2C1,"Sika AnchorFix-3030 is a high-performance, two-component epoxy adhesive designed for structural bolting and heavy-duty rebar doweling in cracked and uncracked concrete. It delivers exceptional load-bearing capacity and chemical resistance, ensuring long-term structural integrity and compliance with rigorous engineering standards for demanding infrastructure projects.",,2026-09-25 15:15:07.462178+00
914ef904-d1ad-4230-9f00-2bf7c6046f18,SIKA,	SIKA SEPAROL 101 SF 230 KG,,,,https://sika.scene7.com/is/image/sikacs/th-02-en-TH-Sika-Serapol-1x1-00728026:1-1?fmt=webp-alpha,"Sika Separol-101 SF is a solvent-free concrete release agent designed for clean, rapid formwork stripping and optimized surface finishes. It prevents adhesion between concrete and form faces, thereby extending formwork lifespan and reducing site labor costs.",,2026-09-25 15:15:07.462178+00
9339843e-839c-47a9-9c23-6feff20dd425,MYK ARMENT,ARM GROUT M-65 E-25KG,,,,https://mykarment.com/wp-content/uploads/2019/03/ArmGrout-M-65-952x1024.jpg,"MYK Arment Arm Grout M-65 is a high-strength, non-shrink, precision cementitious grout engineered for heavy-duty machinery anchoring, structural baseplate grouting, and critical concrete repairs. It delivers rapid early strength and high ultimate load-bearing capacity to ensure long-term structural stability in demanding industrial environments.",,2026-09-26 02:32:39.666751+00
95f0e78c-cf80-4ecc-94d9-a0259b6283a6,MYK Laticrete,L 320 Thick Bed Adhesive Grey-30kg,,,,https://media.myklaticrete.com/mykl/2024/08/image-320-1.png,"MYK Laticrete L 320 is a polymer-modified grey cementitious adhesive engineered for thick-bed installations of ceramic tiles, vitrified tiles, and natural stone on vertical and horizontal masonry surfaces. It delivers high bond strength and dimensional stability, reducing installation time and preventing lippage in heavy-duty commercial and industrial flooring applications.",,2026-09-26 02:32:39.666751+00
9b1129b1-6f86-4c88-ad33-418d74e05bfc,SIKA,SikaTop®-107 Seal Plus IN (35 KG),,,,https://hinuepmgwasbnxvwwzfe.supabase.co/storage/v1/object/public/images/1790251601025-zcsq4d.jfif,"It is a flexible, two part, high performance acrylic polymer modified cementitious liquid applied waterproofing coating system.
",https://hinuepmgwasbnxvwwzfe.supabase.co/storage/v1/object/public/pds/1790251601680-q0x9db.pdf,2026-09-24 12:06:42.850317+00
9b16157d-c3ab-4ec8-9e82-2a552c30ca53,FOSROC,NITOPROOF WB PRIMER(6L),,,,https://cpimg.tistatic.com/12362694/b/4/Fosroc-Nitoproof-WB-Primer..webp,"Fosroc Nitoproof WB Primer (6L) is a water-based bituminous emulsion designed to seal and prepare porous concrete substrates prior to the application of waterproofing membranes. By ensuring optimal bond strength and minimizing substrate dusting, this primer enhances the long-term durability and structural integrity of below-grade and institutional waterproofing systems.",,2026-09-30 02:12:44.239819+00
a0f694d5-7459-42ca-8700-2e700398e5b0,Asianpaints,SC MAXIMO PLAST PX 300-230KGS,,,,https://5.imimg.com/data5/SELLER/Default/2026/1/578898745/XE/HF/SQ/256278239/asian-paints-smartcare-maximoplast-pc-250-concrete-admixture-500x500.png,"Asianpaints SC MAXIMO PLAST PX 300-230KGS is a high-performance polycarboxylate ether-based superplasticizer engineered for advanced concrete water-reduction and slump retention in large-scale construction. It optimizes cement dispersion to deliver superior compressive strength and workability, reducing project timelines and material lifecycle costs.",,2026-09-26 03:13:05.091544+00
a114b130-c0e2-426d-8a21-96ac08325e0d,MYK Laticrete,785 Filler Powder Almond 3.75 Kg,,,,https://cpimg.tistatic.com/07365236/s/5/MYK-Laticrete-SP-100-Filler-Power-Comp-A-B-C-5-kg-Silk.jpg,"MYK Laticrete 785 Filler Powder Almond 3.75 Kg is a high-performance tile joint grout engineered for commercial and industrial floor and wall installations. It delivers durable, chemical-resistant joint filling that minimizes maintenance downtime and ensures long-term structural integrity in high-traffic environments.",,2026-09-26 02:32:39.666751+00
a311f8df-b54c-4d75-947d-3a8280ec2330,Asianpaints,SMARTCARE PU MAGNUM US GREY 25KG,,,,https://static.asianpaints.com/content/dam/professionals/products/thumbnails/Packshot%20-%20SmartCare%20PU%20Magnum.png,"Asianpaints SmartCare PU Magnum US Grey 25KG is a polyurethane-based waterproofing membrane designed for seamless application on horizontal and vertical exterior masonry substrates. It provides institutional facilities with long-term structural protection against water ingress and weathering, significantly reducing lifecycle maintenance costs.",,2026-09-26 03:13:05.091544+00
a42eeb6a-5822-4c05-bc1a-4b560dca1b5e,SIKA,	Sika Igoiflex-301 Waterproof IN-10kg,,,,https://dynamicmedia.sika.com/adobe/assets/urn:aaid:aem:3fadf9eb-514f-47f8-a366-5b426fbd57b8/as/ie-02-en-IE-Igolflex-301-1x1-00090072.png?smartcrop=1-1&width=480&height=480,"Sika Igolflex-301 is a two-component, fiber-reinforced polyurethane-bitumen waterproofing coating designed for below-grade structures and foundations. It provides seamless, crack-bridging elastomeric protection that ensures long-term structural integrity and prevents subsurface water ingress in commercial construction projects.",,2026-09-25 15:15:07.462178+00
a62e864d-fcea-4b11-a063-637408a8bd39,Asianpaints,SC MAXIMOPLAST PC 300,,,,https://5.imimg.com/data5/SELLER/Default/2026/1/578898745/XE/HF/SQ/256278239/asian-paints-smartcare-maximoplast-pc-250-concrete-admixture-500x500.png,"Asianpaints SC MAXIMOPLAST PC 300 is a high-performance polycarboxylate ether-based superplasticizer engineered for concrete and mortar applications demanding exceptional water reduction and prolonged workability retention. By significantly enhancing early and ultimate compressive strengths while ensuring superior impermeability, it optimizes mix durability for large-scale structural projects and precast operations.",,2026-09-26 03:13:05.091544+00
a7b631ce-66a2-4faa-b9b6-df50af58d606,MYK ARMENT,AquaArm Ic -25kg,,,,https://mykarment.com/wp-content/uploads/2019/03/AquaArm-TG-1024x1024.jpg,"MYK ARMENT AquaArm Ic is a crystalline waterproofing treatment applied to concrete substrates to react with free lime and moisture, forming insoluble crystals that seal micro-cracks and capillaries. It provides institutional value by delivering permanent, self-healing negative and positive side waterproofing, thereby reducing long-term structural maintenance costs and extending the service life of subterranean infrastructure.",,2026-09-26 02:32:39.666751+00
a87c134a-2bf7-4038-9398-04f1e3a7fe37,MYK ARMENT,AQUAARM SPU SPL 25KG,,,,https://cpimg.tistatic.com/10979679/b/5/MYK-ARMENT-AQUAARM-SPU-SPL-GREEN-25KG-.png,"MYK Arment AquaArm SPU SPL 25kg is a single-component, polyurethane-based liquid waterproofing membrane designed for seamless application on roofs, podiums, and hidden construction slabs. It delivers long-term structural protection by forming a highly elastic, durable moisture barrier that significantly reduces maintenance overhead and lifecycle waterproofing failures in commercial projects.",,2026-09-26 02:32:39.666751+00
a87d4611-34b4-44b5-b31f-3a2422f1ddc3,FOSROC,RUSHBOND ROOFGUARD PREMIUM(20L),,,,"https://m.media-amazon.com/images/I/617NK0J3h7L._AC_UF1000,1000_QL80_.jpg","Fosroc Rushbond Roofguard Premium (20L) is a high-performance liquid-applied waterproofing membrane designed for seamless application on concrete and metal roof substrates. It delivers long-term asset protection and structural integrity, significantly reducing lifecycle maintenance costs for institutional and commercial facilities.",,2026-09-30 02:12:44.239819+00
a9ea26f2-789d-4fa0-9668-df831bc99f31,SIKA,	SIKADUR 31 IN,,,,https://cdn11.bigcommerce.com/s-6hbewubt94/images/stencil/1280x1280/products/677/2910/sika-sikadur-31-hi-mod-gel-3-gallon-unit__28626.1637047385.jpg?c=1,"Sika Sikadur 31 IN is a high-strength, moisture-tolerant epoxy structural adhesive and repair mortar engineered for bonding concrete, steel, and masonry in demanding civil engineering applications. It provides institutional value by ensuring durable load transfer, crack rehabilitation, and long-term structural integrity in load-bearing elements.",,2026-09-25 15:15:07.462178+00
aa2486f3-d24b-4c23-aaea-073dc408fc5a,Asianpaints,ULTRON UNDER SCREED BASE 11 KG,,,,https://static.asianpaints.com/content/dam/professionals/products/thumbnails/Packshot%20-%20SmartCare%20Ultron%20Polyurea.png,"Asianpaints Ultron Under Screed Base is an 11 kg elastomeric waterproofing membrane engineered for application beneath floor screeds in high-moisture environments. It provides institutional facilities with a durable, seamless moisture barrier that prevents substrate degradation and extends the lifespan of interior flooring assemblies.",,2026-09-26 03:13:05.091544+00
aaa297d5-91f4-4be2-984f-c1d93f647a4d,SIKA,	Sika Separol W140-210 Kg,,,,https://sika.scene7.com/is/image/sikacs/th-02-en-TH-Sika-Serapol-1x1-00728026:1-1?fmt=webp-alpha,"Sika Separol W140 is a water-based concrete release agent engineered to ensure clean, effortless formwork removal and smooth surface finishes on construction sites. This formulation prevents concrete adhesion to molds while protecting formwork materials, ultimately extending asset lifespan and reducing operational downtime.",,2026-09-25 15:15:07.462178+00
acef6b56-25be-4f76-ba88-b1bbcc3ce6bc,SIKA,	Sikatherm Foam-755 SPF Component-B 250 Kg,,,,https://sika.scene7.com/is/image/sika/glo-foams-teaser2:1-1?wid=1200&hei=1200&fit=crop%2C1,SikaTherm Foam-755 SPF Component-B is a 250 kg formulation designed to react with Component-A to produce high-performance polyurethane spray foam for continuous thermal insulation and air barrier systems. This institutional-grade component ensures optimal dimensional stability and energy efficiency in large-scale commercial building envelopes.,,2026-09-25 15:15:07.462178+00
ad2e71e8-22f0-46e2-a8d4-c69a704c99a2,MYK Laticrete,L 335 WHITE 50KG,,,,https://dconstro.com/wp-content/uploads/2023/12/L-335-new-1200x1434.png,"MYK Laticrete L 335 White is a high-performance, polymer-modified thin-set adhesive engineered for the secure installation of large-format ceramic, vitrified, and natural stone tiles in demanding commercial environments. It delivers superior bond strength and slip resistance, significantly reducing installation downtime and long-term maintenance costs for large-scale institutional projects.",,2026-09-26 02:32:39.666751+00
ad6f3a45-0500-4848-ae22-cf3a496bc789,SIKA,	Sika Control 777 Formerly Masterpel777 (25kg),,,,https://www.constructionaidltd.com/images/products/admixture/SikaControl777.png,Sika Control 777 is a powdered waterproofing admixture designed to reduce capillary water absorption in structural concrete and mortar applications. It provides institutional value by enhancing long-term durability and mitigating moisture-related degradation in below-grade and exterior builds.,,2026-09-25 15:15:07.462178+00
aea7fadf-1a91-4255-b3b3-0f8c36bdc7b4,SIKA,	Sika Top Seal Plus IN A+B 35kg,,,,https://5.imimg.com/data5/SELLER/Default/2025/10/556014142/VY/CA/MJ/240361751/35kg-sikatop-107-seal-plus-in-waterproofing-chemical-250x250.jpg,"SikaTop Seal Plus IN A+B is a two-component, polymer-modified cementitious waterproofing slurry applied to concrete and masonry substrates to prevent moisture ingress. It delivers long-term structural protection and durability for institutional and commercial construction assets, reducing lifecycle maintenance costs.",,2026-09-25 15:15:07.462178+00
b29be6c9-e660-44b2-abb2-41194be93459,SIKA,	Sikaproof-315 HDPE SG IN,,,,https://5.imimg.com/data5/SELLER/Default/2024/5/422505596/BQ/UD/GH/217303761/sikaproof-315-hdpe-sg-in.jpg,"SikaProof®-315 HDPE SG IN is a fully bonded, cold-applied sheet membrane system designed for below-ground waterproofing and damp-proofing of reinforced concrete structures. It provides a durable, lateral water-migration barrier that protects deep foundations against aggressive ground conditions and structural compromise.",,2026-09-25 15:15:07.462178+00
b3dd4653-7272-4651-a3e7-1c016fafc089,SIKA,	SIKAPLAST -495PR 230 KG,,,,https://maxbuildcare.com/wp-content/uploads/2025/11/IMG-20251025-WA0018.jpg,"Sika Sikaplast-495PR is a high-performance polycarboxylate ether-based superplasticizer designed to provide extreme water reduction and extended workability retention in ready-mix concrete production. By optimizing cement dispersion, it enhances early and ultimate compressive strengths while significantly improving the durability and pumpability of structural mixes for large-scale institutional projects.",,2026-09-25 15:15:07.462178+00
b46dbb0e-f1f4-44b1-81cd-7bf1c33fd776,FOSROC,BRUSHBOND RFX-30KG,,,,https://cpimg.tistatic.com/11386560/b/5/FOSROC-BRUSHBOND-RFX.png,"FOSROC BRUSHBOND RFX-30KG is a polymer-modified, cementitious waterproof coating applied via brush or spray to concrete and masonry substrates. It provides a seamless, high-performance moisture barrier that protects critical institutional infrastructure against hydrostatic pressure, carbonation, and chloride attack.",,2026-09-30 02:12:44.239819+00
b5468f9f-651b-4d00-8a22-6c0bdc5794ad,SIKA,	Sika Mono Top 122f-30kg,,,,https://5.imimg.com/data5/SELLER/Default/2024/8/443574004/BV/FI/UD/55022398/30-kg-sika-monotop-122-f-500x500.png,"Sika MonoTop-122F is a polymer-modified, fiber-reinforced structural repair mortar designed for concrete restoration on vertical and overhead surfaces. It provides exceptional bond strength and low permeability, reducing long-term maintenance costs and ensuring structural integrity in demanding infrastructure projects.",,2026-09-25 15:15:07.462178+00
b9125a32-8bc9-492a-92e8-18797b6da921,SIKA,	Sikaproof 312 HDPE SG IN(1.2x20m),,,,,"SikaProof® 312 HDPE SG IN is a pre-applied, fully bonded sheet waterproofing membrane designed for below-ground structural concrete protection against lateral and vertical water ingress. Its high-density polyethylene (HDPE) construction and mechanical bond to poured concrete prevent lateral water migration, mitigating long-term structural degradation and remediation risks.",,2026-09-25 15:15:07.462178+00
ba5e3de0-5827-4e6e-aed5-159a45dc4531,FOSROC,NITOCOTE CM 210 GREY(23KG),,,,https://ik.imagekit.io/fepy/cdn/catalog/product/3/3/33642-kit_1_1.png,"Nitocote CM 210 Grey is a two-component, polymer-modified cementitious coating designed for waterproofing and protecting concrete structures against water ingress and carbonation. It provides institutional value by extending the lifecycle of critical infrastructure such as reservoirs, bridges, and sewage treatment plants through seamless, elastomeric barrier protection.",,2026-09-30 02:12:44.239819+00
bd91b755-bb2b-4913-9d9a-a0659c5025fd,SIKA,	Sikaseal Tape F (Waterproofing),,,,https://sika.scene7.com/is/image/sikacs/in-seal-tapef-01071678:1-1?wid=480&hei=480&fit=crop%2C1,"SikaSeal Tape F is a high-performance elastomeric waterproofing tape engineered for sealing joints, corners, and pipe penetrations in commercial construction. It provides reliable, long-term defense against water ingress in critical institutional envelopes, reducing long-term maintenance liabilities and structural degradation.",,2026-09-25 15:15:07.462178+00
befba9cb-020c-47aa-95cf-6520d23bc5de,SIKA,	Sikatherm Faom-755 SPF Component-B-250kg,,,,https://5.imimg.com/data5/SELLER/Default/2026/6/613911884/LJ/KP/QO/43381672/sikatherm-755-spf-liquid-applied-membrane-chemical-500x500.png,"SikaTherm Foam-755 SPF Component-B is a 250kg liquid polyol component formulated to react with Component-A for continuous polyurethane spray foam insulation in commercial building envelopes. It delivers high thermal resistance and seamless air-barrier performance, reducing long-term energy consumption and HVAC loads in large-scale construction projects.",,2026-09-25 15:15:07.462178+00
bf5db0e6-8960-44a7-9ece-846e21a7852f,SIKA,	SIKALASTIC -11 PRIMER W,,,,,Professional construction chemical supplied by RKICS.,,2026-09-25 15:15:07.462178+00
c3b1d0ec-98d0-49ae-9f2c-80f46c5f1e24,MYK Laticrete,646 UNSANDES GROUT RED 1KG,,,,,"MYK Laticrete 646 Unsanded Grout Red 1KG is a polymer-fortified, cementitious joint filler engineered for narrow tile joints up to 3mm in interior wall and floor applications. It delivers high compressive strength and color consistency, minimizing maintenance costs and ensuring long-term aesthetic integrity in commercial installations.",,2026-09-26 02:32:39.666751+00
c413d393-8a93-477f-8288-2448d77ebeb9,MYK Laticrete,305G-Thinset Adhesive#Grey50kg,,,,https://me.laticrete.com/-/media/f8d68fc20b714c53aa9f5a853bfb7024.ashx,"MYK Laticrete 305G is a polymer-modified grey thinset adhesive engineered for the heavy-duty installation of ceramic, mosaic, and natural stone tiles across vertical and horizontal concrete substrates. It delivers high bond strength and reliable slip resistance, significantly reducing long-term maintenance costs and structural failure risks in demanding commercial construction projects.",,2026-09-26 02:32:39.666751+00
c4d7525f-9e2a-4cc5-b9ab-82fc7a526afe,SIKA,	SIKAPLAST PH 8954 FORMERLY MASTERPOLYHEED8954,,,,https://sika.scene7.com/is/image/sikacs/us-Sikalastic-M-205-04285273:1-1?fmt=webp-alpha,"Sika Sikaplast PH 8954 (formerly MasterPolyHeed 8954) is a high-range water-reducing admixture engineered to improve workability and early-age strength development in ready-mix concrete applications. By optimizing cement dispersion, this polycarboxylate-based formulation enables precise water reduction to lower production costs while enhancing long-term structural durability.",,2026-09-25 15:15:07.462178+00
c96101dd-8028-4db7-a95f-d38dbefe6f60,SIKA,	SIKATOP-551 SEALINNPARTB FORMERLY MASTERSEAL 551,,,,https://cpimg.tistatic.com/12030866/b/5/Acrylic-Based-Polymer-Coating-SIKA-TOP-551-SEAL-PART-A-PART-B-15KG-5KG-.jpg,"Sika MonoTop-551 Sealinn Part B (formerly MasterSeal 551) is a polymer-modified liquid component designed to be mixed with cementitious powders for waterproofing concrete and masonry structures. It provides institutional value by creating a seamless, highly impermeable moisture barrier that extends asset lifecycles and prevents structural water ingress in demanding civil infrastructure.",,2026-09-25 15:15:07.462178+00
cf460087-806e-45c6-8410-3706986e6950,SIKA,	SIKADUR 55 LP IN,,,,https://lntsufin.com/storage/mediafiles/catalog/live/17453-4006/original/17453-4006_image_0.jpg,"Sika Sikadur-55 LP IN is a two-component, low-viscosity, moisture-tolerant epoxy injection resin engineered for structural crack repair and void filling in concrete elements. It restores structural integrity, prevents reinforcing steel corrosion, and extends the operational lifecycle of critical infrastructure.",,2026-09-25 15:15:07.462178+00
d42dc0fe-0907-4641-859e-27957f8361e4,SIKA,	Sikalastic M678 Component A-200kg,,,,https://sika.scene7.com/is/image/sikacs/us-Sikalastic-M-200-5gal-Pail-05804680:1-1?fmt=webp-alpha,"Sika Sikalastic M678 Component A is a 200kg liquid resin base formulated for heavy-duty, seamless polyurethane waterproofing and roofing membrane systems. It provides institutional asset owners with long-term structural protection, high mechanical durability, and extended lifecycle performance across large-scale commercial and industrial applications.",,2026-09-25 15:15:07.462178+00
d4a0993d-c571-44de-9d4b-eb6e2b2f773e,SIKA,	Sikaproof Sandwich Tape-100IN,,,,https://sika.scene7.com/is/image/sikacs/us-02-sikaproof-sandwich-tape-01-1x1-00868444:1-1?wid=480&hei=480&fit=crop%2C1,"SikaProof Sandwich Tape-100IN is a cold-applied, self-adhesive waterproofing tape engineered for sealing joint overlaps in SikaProof membrane systems below ground. It provides a secure, continuous moisture barrier that accelerates installation timelines while eliminating complex thermal welding in demanding subterranean environments.",,2026-09-25 15:15:07.462178+00
d588670b-1963-4b63-b00d-0f905449463d,FOSROC,CONBEXTRA GP2 (30 KGS),,,,https://cpimg.tistatic.com/08370633/b/4/Conbextra-Gp2-Chemical.jpg,"FOSROC Conbextra GP2 is a high-flow, shrinkage-compensated cementitious grout engineered for precision baseplate grouting, stanchion bases, and structural anchoring. Its formulation ensures high early and ultimate compressive strengths, providing load-bearing stability and long-term structural integrity for demanding institutional and heavy industrial applications.",,2026-09-30 02:12:44.239819+00
d74d4c96-5a41-42c6-8d55-d2a283e6e5eb,SIKA,	Sikatop Seal-107IN (A:B::5:20),,,,https://sika.scene7.com/is/image/sikacs/us-02-SikaTop-Seal-107-Bag-Jar-01-1x1-00948375:1-1?wid=480&hei=480&fit=crop%2C1,"SikaTop Seal-107IN is a two-component, polymer-modified cementitious waterproofing slurry applied via brush, roller, or trowel to concrete and masonry substrates. It provides institutional asset protection by preventing water ingress and carbonation in critical infrastructure like basements, water tanks, and balconies.",,2026-09-25 15:15:07.462178+00
d7d8c3dd-84b1-48aa-ac60-cd12ca3e2dc5,SIKA,	Sikaplast-1088-PR-255kg,,,,https://sika.scene7.com/is/image/sikacs/us-sikalatex-r-white-1-gallon-main-pack-shot-05412517:1-1?wid=480&hei=480&fit=crop%2C1,Sika Sikaplast-1088-PR is a high-performance polycarboxylate ether-based superplasticizer designed for ready-mix concrete production to significantly enhance workability and extend slump retention. It delivers institutional value by reducing water-cement ratios for higher compressive strength while optimizing mix costs and placement efficiency in demanding structural applications.,,2026-09-25 15:15:07.462178+00
d931f8bd-4c32-4507-88e4-d096a097da53,SIKA,SikaSwell® A (AE),,,,https://hinuepmgwasbnxvwwzfe.supabase.co/storage/v1/object/public/images/1790252136334-8dhqbn.webp,SikaSwell® A (AE) is a rectangular acrylic sealing profile. It swells in contact with water to seal all types of construction joints and penetrations in concrete structures.,https://hinuepmgwasbnxvwwzfe.supabase.co/storage/v1/object/public/pds/1790252137222-9feov.pdf,2026-09-24 12:15:40.786215+00
d9d6d28c-c7bc-4a46-a374-3e192d5fbf85,MYK ARMENT,Aqua Arm Uni Primer(20kg),,,,https://mykarment.com/wp-content/uploads/2019/01/AquaArm_UniPrimer-K-1024x985.jpg,"MYK Arment Aqua Arm Uni Primer (20kg) is a high-performance, water-based surface conditioner engineered to optimize substrate adhesion prior to the application of waterproofing membranes and coatings. It enhances interfacial bond strength and seals porous construction surfaces, ensuring long-term structural integrity and reduced failure risks in commercial projects.",,2026-09-26 02:32:39.666751+00
db2aa8ee-6324-4244-ab84-c6c0c1660867,SIKA,	SIKAEMACOSBR2 FORMERLY MASTEREMACOSBR2 20L,,,,https://5.imimg.com/data5/SELLER/Default/2026/1/573581168/YT/XP/ER/53159471/sikaemaco-sbr-2-20ltr.jpeg,"Sika Emaco SBR 2 (formerly MasterEmaco SBR 2) is a styrene-butadiene rubber latex admixture designed to improve the bonding, flexural strength, and impermeability of cementitious mortars and concrete in structural repairs. By enhancing durability and reducing permeability, this 20-liter polymer modifier extends the service life of institutional concrete infrastructure and minimizes long-term maintenance costs.",,2026-09-25 15:15:07.462178+00
db97e739-18bf-4b70-9af6-dc6aab6b0566,FOSROC,RENDROC PLUG( 15 KG),,,,https://fortimixbd.com/wp-content/uploads/2024/12/Fosroc-Rendeoc-Plug-min.jpg,"Fosroc Hendroc Plug (15 kg) is a rapid-setting, hydraulic cement mortar formulated for the instantaneous arresting of active water leaks and seepage in concrete and masonry substrates. Its high-early strength and expansive non-shrink properties deliver immediate structural stabilization, minimizing downtime and costly excavation in commercial construction and infrastructure repair projects.",,2026-09-30 02:12:44.239819+00
dceb0a30-110a-4a69-b338-ba8f8129647f,MYK Laticrete,315 Pg-Thinset Adhesive Grey 50kg,,,,https://se.laticrete.com/-/media/20c35fcc0131425bbc5ed703b82a7e71.ashx?sc_lang=en,"MYK Laticrete 315th-Thinset Adhesive Grey 50kg is a polymer-modified, thin-set mortar engineered for the interior and exterior installation of ceramic, mosaic, and natural stone tiles over concrete and masonry substrates. It delivers high bond strength and slip resistance, reducing installation downtime and long-term maintenance costs in demanding commercial and industrial applications.",,2026-09-26 02:32:39.666751+00
dd5fb047-258c-485d-99e9-f194db089b2c,SIKA,	Sikaproof-312HDPE GG IN,,,,https://lookaside.instagram.com/seo/google_widget/crawler/?media_id=3861865753372297774,"SikaProof-312 HDPE GG IN is a cold-applied, post-adhered composite waterproofing membrane system designed for below-ground structural concrete protection against lateral water migration and soil contaminants. The system provides institutional value by eliminating lateral water under-migration through a full-surface mechanical bond with freshly poured concrete, ensuring long-term asset integrity and reducing lifecycle maintenance costs.",,2026-09-25 15:15:07.462178+00
e2949d96-25a7-4a25-912c-5aa64baf8dbf,SIKA,	Sikalastic M678 Grey Component-220kg,,,,https://www.buildingenclosureonline.com/ext/resources/2026/07/02/Sika(6).webp?t=1782993470,"Sikalastic M678 Grey Component is a two-part polyurethane-based liquid applied waterproofing membrane designed for seamless, high-durability roofing and structural protection. It delivers long-term asset preservation and structural integrity for large-scale commercial and industrial construction projects.",,2026-09-25 15:15:07.462178+00
e510ec2a-bb81-44ed-b22d-76a126b2f755,FOSROC,BRUSHBOND ULTAFLEX GREY(25KG),,,,https://5.imimg.com/data5/SELLER/Default/2025/4/507114701/HF/CK/UG/1738138/17211-1984-image-0.jpg,"Fosroc Brushbond Ultraflex Grey is a two-component, polymer-modified cementitious waterproofing membrane applied via brush or trowel to concrete and masonry surfaces. It provides an elastomeric, seamless barrier that accommodates structural movement, ensuring long-term asset protection and damp-proofing in demanding infrastructure and commercial construction projects.",,2026-09-30 02:12:44.239819+00
e51f7d31-0f5a-420c-8c4b-f4b24cebc0c3,MYK ARMENT,ReArm SBR 35-20ltr,,,,https://5.imimg.com/data5/ANDROID/Default/2022/12/EH/JU/BK/40777181/product-jpeg.jpg,"MYK Arment ReArm SBR 35 is a styrene-butadiene rubber latex admixture designed for high-performance waterproofing, structural repairs, and bonding mortar screeds. It enhances flexural strength, impermeability, and adhesion, effectively reducing long-term maintenance costs in critical infrastructure and commercial construction projects.",,2026-09-26 02:32:39.666751+00
eaa5fb1e-0946-4c4b-96fe-a6196f43f71f,SIKA,SikaEmaco® S 348 (25 KG),,,,https://hinuepmgwasbnxvwwzfe.supabase.co/storage/v1/object/public/images/1790251833231-4iom89.webp,"It is a high-strength, dual shrinkage-compensated, fiber-reinforced thixotropic repair mortar designed for structural concrete repairs.
",https://hinuepmgwasbnxvwwzfe.supabase.co/storage/v1/object/public/pds/1790251834225-npsayj.pdf,2026-09-24 12:10:35.206934+00
f306800f-ec61-43cd-bdc7-074d7d74f4fe,MYK ARMENT,RE ARM FIX10S : 12KGS,,,,https://mykarment.com/wp-content/uploads/2019/03/ReArm-Fix-10S-952x1024.jpg,"MYK ARMENT RE ARM FIX10S is a specialized cementitious micro-concrete designed for the structural repair of damaged concrete elements and the protection of exposed rebar. Packaged in a 12kg unit, it delivers high early strength and exceptional bonding properties to ensure long-term structural integrity and reduced project downtime in institutional retrofitting applications.",,2026-09-26 02:32:39.666751+00
f3680336-8159-4f56-b309-1800c6c4624b,SIKA,	SIKA VISCOCRETE 883 PR,,,,https://sika.scene7.com/is/image/sikacs/ie-02-en-IE-Sika-ViscoCrete-Premier-1x1-00426754:1-1?wid=480&hei=480&fit=crop%2C1,"Sika ViscoCrete 883 PR is a high-performance polycarboxylate ether-based superplasticizer designed for the production of high-workability and self-consolidating concrete. It delivers extended slump retention and superior water reduction, significantly improving early and ultimate compressive strengths in demanding institutional and commercial construction projects.",,2026-09-25 15:15:07.462178+00
f42c5ac0-68c4-4b32-a1f6-80ae2df0fd72,SIKA,	SIKAEMACOS348 FORMERLY MASTEREMACO S348 25KGS,,,,https://lookaside.instagram.com/seo/google_widget/crawler/?media_id=3838776657705024189,"Sika Emaco S348 is a polymer-modified, shrinkage-compensated structural mortar engineered for concrete repair and restoration applications. It delivers high early and ultimate compressive strength to reduce downtime and ensure long-term structural integrity in heavy-duty institutional environments.",,2026-09-25 15:15:07.462178+00
f665bf7d-0767-4b47-88d9-a9132dc82055,SIKA,	Sikamacossbr2 Formerly Masteremacosbr2 20L,,,,https://5.imimg.com/data5/SELLER/Default/2026/1/573581168/YT/XP/ER/53159471/sikaemaco-sbr-2-20ltr-500x500.jpeg,"SikaMacoSBR 2 (formerly MasterEmaco SBR 2) is a styrene-butadiene rubber latex admixture designed for high-performance bonding slurries, modified mortars, and waterproof renders. It enhances structural integrity, chemical resistance, and mechanical adhesion in demanding civil engineering and commercial construction applications.",,2026-09-25 15:15:07.462178+00
f72c387f-6085-4e5d-a051-95affdca6fde,SIKA,	Sikadur Combiflex Adhesive-12kg,,,,https://sika.scene7.com/is/image/sikacs/us-Sikadur-Combiflex-SG-00562463:1-1?wid=480&hei=480&fit=crop%2C1,"Sikadur Combiflex Adhesive-12kg is a high-performance, two-component epoxy bonding agent engineered for the reliable installation of joint sealing tapes in heavy civil engineering and infrastructure projects. It provides exceptional structural adhesion to concrete and steel substrates, ensuring long-term watertight integrity for expansion joints and critical crack repairs.",,2026-09-25 15:15:07.462178+00
f864beeb-f5c8-49a0-a6bb-ed64ebd5288e,Asianpaints,SC ULTRA BLOCK 2K BLACK 12KG,,,,https://static.asianpaints.com/content/dam/asian_paints/products/packshots/smartcare-ultrablock2K-asian-paints.png,"Asianpaints SC ULTRA BLOCK 2K BLACK 12KG is a two-component, heavy-duty elastomeric waterproofing membrane engineered for below-grade structures, foundations, and retaining walls. It delivers seamless, crack-bridging protection against hydrostatic pressure and aggressive soil chemicals, ensuring long-term structural integrity for commercial and industrial assets.",,2026-09-26 03:13:05.091544+00
fadd7ec2-a3fe-4565-80ca-faa678b51167,MYK Laticrete,788 Filler PowderSilver Shadow3.75kg,,,,https://productimages.withfloats.com/tile/69fc6280282d216869c80666.jpg,"MYK Laticrete 788 Filler Powder in Silver Shadow (3.75kg) is a high-performance, polymer-modified joint filler engineered for commercial tile and stone installations. It provides durable, stain-resistant, and aesthetically uniform joints that minimize maintenance downtime and ensure long-term structural integrity in high-traffic institutional environments.",,2026-09-26 02:32:39.666751+00
fdfe51ea-5007-4876-9ef4-09af4549325d,SIKA,	SIKA CHAPDUR IN -30KG,,,,https://lookaside.fbsbx.com/lookaside/crawler/media/?media_id=1580169410307890&get_thumbnail=1,"Sika Chapdur IN-30kg is a ready-to-use, non-metallic mineral dry shake hardener applied to fresh concrete floors to increase surface abrasion resistance and impact durability. This industrial-grade floor hardener significantly extends the service life of heavy-traffic concrete substrates, reducing long-term maintenance costs in warehouses and manufacturing facilities.",,2026-09-25 15:15:07.462178+00
sika-emaco-sbr-2-20-ltr-1789902351138,SIKA,Sika® Emaco® SBR 2 (20 Ltr),3800,4200,9% OFF,https://hinuepmgwasbnxvwwzfe.supabase.co/storage/v1/object/public/images/sika-emaco-sbr-2-20-ltr-1789902351138.jpeg,SBR based multipurpose polymer for waterproofing and repair.,https://hinuepmgwasbnxvwwzfe.supabase.co/storage/v1/object/public/pds/sika-emaco-sbr-2-20-ltr-1789902351138.pdf,2026-09-20 11:05:53.488413+00
sika-flex-127,SIKA,Sikaflex®-127 (600ml),500,650,23% OFF,https://hinuepmgwasbnxvwwzfe.supabase.co/storage/v1/object/public/images/1789903885655-bydlff.webp,1-part moisture-curing elastic polyurethane sealant.,https://hinuepmgwasbnxvwwzfe.supabase.co/storage/v1/object/public/pds/1789903887175-9hq5gu.pdf,2026-09-18 08:36:24.646365+00
sika-grout-214,SIKA,SikaGrout®-214 IN (30 KG),480,600,20% OFF,https://hinuepmgwasbnxvwwzfe.supabase.co/storage/v1/object/public/images/1789904144935-8hnfzp.webp,"General purpose, shrinkage compensated, free-flowing cementitious grout.",https://hinuepmgwasbnxvwwzfe.supabase.co/storage/v1/object/public/pds/1789904146288-8rfxoa.pdf,2026-09-18 08:36:24.646365+00
sikatop-107-seal-plus-in-1789902757184,SIKA,SikaTop®-107 Seal PLUS IN,2450,2800,12% OFF,https://hinuepmgwasbnxvwwzfe.supabase.co/storage/v1/object/public/images/sikatop-107-seal-plus-in-1789902757184.jfif,"
",https://hinuepmgwasbnxvwwzfe.supabase.co/storage/v1/object/public/pds/sikatop-107-seal-plus-in-1789902757184.pdf,2026-09-20 11:12:39.688544+00